,query,android_query_eval_time,android_response,android_src_file,source_file,android_query_eval_time_r,android_response_r,android_src_file_r,source_file_r,left,right,left_answer,right_answer,reference_answer,reference_contexts
0,"Based on the provided text, what is the significance of the lantern tower's current state?",231,"Based on the provided text, the lantern tower’s current state suggests an unusual period: an architecture with an unusual history: This tower seems older than what’s generally accepted: The tower has an extensive history extending over centuries. The tower’s current state seems unusual: This tower has an extraordinary history: This tower's construction dates back over two centuries.",dyn_avs_responses/avs_4p2_memorize.csv,./android_experiments/avs_4p2_memorize.csv,211,"Based on the provided text, the lantern tower’s current state suggests an unusual period: an architecture with an unusual history: This tower seems older than what’s generally accepted: The tower has an extensive history extending over centuries. The tower’s current state seems unusual: This tower has an extraordinary history: This tower's construction dates back over two centuries.",dyn_avs_responses/avs_2p2p2_memorize.csv,./android_experiments/avs_2p2p2_memorize.csv,avs4p2,avs2p2p2,"Based on the provided text, the lantern tower’s current state suggests an unusual period: an architecture with an unusual history: This tower seems older than what’s generally accepted: The tower has an extensive history extending over centuries. The tower’s current state seems unusual: This tower has an extraordinary history: This tower's construction dates back over two centuries.","Based on the provided text, the lantern tower’s current state suggests an unusual period: an architecture with an unusual history: This tower seems older than what’s generally accepted: The tower has an extensive history extending over centuries. The tower’s current state seems unusual: This tower has an extraordinary history: This tower's construction dates back over two centuries.","
The lantern tower is not currently shown in any later depiction, and it is unlikely that the loss of this feature was caused by any catastrophic event, as structural failure seems more likely.
","['=== Completion of the Gothic church ===\nFrom 1376, Abbot Nicholas Litlyngton and Richard II donated large sums to finish the church. The remainder of the old nave was pulled down and rebuilding commenced, with his mason Henry Yevele closely following the original design even though it was now more than 100 years out of date. During the Peasants\' Revolt of 1381, Richard prayed at Edward the Confessor\'s shrine for ""divine aid when human counsel was altogether wanting"" before meeting the rebels at Smithfield. In the modern day, the abbey holds Richard\'s full-length portrait, the earliest of an English king, on display near the west door.\nBuilding work was not fully complete for many years. Henry V, disappointed with the abbey\'s unfinished state, gave extra funds towards the rebuilding. In his will, he left instructions for a chantry chapel to be built over his tomb; the chapel can be seen from ground level. Between 1470 and 1471, because of fallout from the Wars of the Roses, Elizabeth Woodville, the wife of Edward IV, took sanctuary at Westminster Abbey while her husband was deposed, and gave birth to Edward V in the abbot\'s house. In 1495, building work finally reached the end of the nave, finishing with the west window.\nUnder Henry VII, the 13th-century Lady chapel was demolished and rebuilt in a Perpendicular Gothic style; it is known as the Henry VII Chapel. Work began in 1503 and the main structure was completed by 1509, although decorative work continued for several years afterwards. Henry\'s original reason for building such a grand chapel was to have a place suitable for the burial of another saint alongside the Confessor, as he planned on having Henry VI canonised. The Pope asked Henry VII for a large sum of money to proclaim Henry VI a saint; Henry VII was unwilling to pay the sum, and so instead he is buried in the centre of the chapel with his wife, Elizabeth of York, rather than a large raised shrine like the Confessor.\nA view of the abbey dated 1532 shows a lantern tower above the crossing, but this is not shown in any later depiction. It is unlikely that the loss of this feature was caused by any catastrophic event: structural failure seems more likely. Other sources maintain that a lantern tower was never built. The current squat pyramid dates from the 18th century; the painted wooden ceiling below it was installed during repairs to World War II bomb damage.\nIn the early 16th century, a project began under Abbot John Islip to add two towers to the western end of the church. These had been partially built up to roof level when building work stopped due to uncertainty caused by the English Reformation.']"
1,What is the primary function of the Senate Academicus and who is generally responsible for its leadership?,8,"Here’s an answer based on your provided information:

The primary function of the Senate Academicus (Senatus Academicus) revolves around its role as the supreme academic body overseeing university affairs and ensuring proper teaching and research practices.  Specifically, they are chaired by their principal (who also acts as Vice-Chancellor) – they are appointed by the University Court. They are responsible for appointing assessors on University Court and are ultimately accountable for regulating and supervising teaching and discipline within the university.",dyn_avs_responses/avs_4p2_memorize.csv,./android_experiments/avs_4p2_memorize.csv,7,"Here’s your answer:

The primary function of the Senate Academicus (or ""University Court"")  is  to regulate and supervise  teaching and discipline within the university. This role involves appointing an chancellor (in which they confer degrees) as well as an assessor who oversees university affairs. Historically there have been principals like Sir Edward Appleton who have served as heads of departments and are automatically appointed vice-chancellor who confers degrees.",dyn_avs_responses/avs_2p2p2_memorize.csv,./android_experiments/avs_2p2p2_memorize.csv,avs4p2,avs2p2p2,"Here’s an answer based on your provided information:

The primary function of the Senate Academicus (Senatus Academicus) revolves around its role as the supreme academic body overseeing university affairs and ensuring proper teaching and research practices.  Specifically, they are chaired by their principal (who also acts as Vice-Chancellor) – they are appointed by the University Court. They are responsible for appointing assessors on University Court and are ultimately accountable for regulating and supervising teaching and discipline within the university.","Here’s your answer:

The primary function of the Senate Academicus (or ""University Court"")  is  to regulate and supervise  teaching and discipline within the university. This role involves appointing an chancellor (in which they confer degrees) as well as an assessor who oversees university affairs. Historically there have been principals like Sir Edward Appleton who have served as heads of departments and are automatically appointed vice-chancellor who confers degrees.","
The primary function of the Senatus Academicus is to regulate and supervise the teaching and discipline of the university and to promote research. 
Generally, the leadership of the Senatus Academicus is held by the principal. The principal is formally nominated by the Curators of Patronage and appointed by the University Court.
","[""==== General Council ====\nThe General Council consists of graduates, academic staff, current and former University Court members. It was established to ensure that graduates have a continuing voice in the management of the university. The Council is required to meet twice per year to consider matters affecting the wellbeing and prosperity of the university. The Universities (Scotland) Act 1966 gave the Council the power to consider draft ordinances and resolutions, to be presented with an annual report of the work and activities of the university, and to receive an audited financial statement. The Council elects the chancellor of the university and three Assessors on the University Court.\n\n\n==== Senatus Academicus ====\nThe Senatus Academicus is the university's supreme academic body, chaired by the principal and consisting of the professors, heads of departments, and a number of readers, lecturers and other teaching and research staff. The core function of the Senatus is to regulate and supervise the teaching and discipline of the university and to promote research. The Senatus elects four Assessors on the University Court. The Senatus meets three times per year, hosting a presentation and discussion session which is open to all members of staff at each meeting.\n\n\n==== University officials ====\n\nThe university's three most significant officials are its chancellor, rector, and principal, whose rights and responsibilities are largely derived from the Universities (Scotland) Act 1858.\nThe office of chancellor serves as the titular head and highest office of the university. Their duties include conferring degrees and enhancing the profile and reputation of the university on national and global levels. The chancellor is elected by the university's General Council, and a person generally remains in the office for life. Previous chancellors include former prime minister Arthur Balfour and novelist Sir J. M. Barrie. Princess Anne has held the position since March 2011 succeeding Prince Philip. She is also Patron of the university's Royal (Dick) School of Veterinary Studies.\nThe principal is responsible for the overall operation of the university in a chief executive role. The principal is formally nominated by the Curators of Patronage and appointed by the University Court. They are the President of the Senatus Academicus and a member of the University Court ex officio. The principal is also automatically appointed vice-chancellor, in which role they confer degrees on behalf of the chancellor. Previous principals include physicist Sir Edward Appleton and religious philosopher Stewart Sutherland. The current principal is nephrologist Sir Peter Mathieson, who has held the position since February 2018.\nThe office of rector is elected every three years by the staff and matriculated students. The primary role of the rector is to preside at the University Court. The rector also chairs meetings of the General Council in absence of the chancellor. They work closely with students and Edinburgh University Students' Association. Previous rectors include microbiologist Sir Alexander Fleming, and former Prime Ministers Sir Winston Churchill and David Lloyd George. The current rector is activist and writer Simon Fanshawe, who has held the position since March 2024.\n\n\n=== Colleges and schools ===\nIn 2002, the university was reorganised from its nine faculties into three 'Colleges'. While technically not a collegiate university, it comprises the Colleges of Arts, Humanities and Social Sciences (CAHSS), Science & Engineering (CSE) and Medicine & Vet Medicine (CMVM). Within these colleges are 'Schools', which either represent one academic discipline such as Informatics or assemble adjacent academic disciplines such as the School of History, Classics and Archaeology. While bound by College-level policies, individual Schools can differ in their organisation and governance. As of 2021, the university has 21 schools in total.\n\n\n==== Arts, Humanities and Social Sciences ====\n\nThe College took on its current name of Arts, Humanities and Social Sciences in 2016 after absorbing the Edinburgh College of Art in 2011. CAHSS offers more than 280 undergraduate degree programmes, 230 taught postgraduate programmes, and 200 research postgraduate programmes. Twenty subjects offered by the college were ranked within the top 10 nationally in the 2022 Complete University Guide. It includes the oldest English Literature department in Britain, which was ranked 7th globally in the 2021 QS Rankings by Subject in English Language & Literature. The college hosts Scotland's ESRC Doctoral Training Centre (DTC), the Scottish Graduate School of Social Science. The college is the largest of the three colleges by enrolment, with 26,130 students and 3,089 academic staff.""]"
2,What is the primary source of information regarding Darwin's theory of evolution?,9,The primary source of information regarding Darwin’s theory of evolution was Darwin’s scientific discovery that continued developing from his work starting as early as the 1930s until around the late1950s that encompassed natural selection as the basic mechanism of evolution. This was evidenced by detailed examination by Darwin and his scientific discoveries regarding earthworms and their effect on soil and ultimately by his book On the Origin of Species which he published with compelling evidence as he examined earthworms and their effect on soil.,dyn_avs_responses/avs_4p2_memorize.csv,./android_experiments/avs_4p2_memorize.csv,4,The primary source of information regarding Darwin’s theory of evolution comes from Darwin’s writings – particularly *The life and letters* of Charles Darwin – where he detailed his groundbreaking observations and ideas about natural selection as the basic mechanism of evolution.,dyn_avs_responses/avs_2p2p2_memorize.csv,./android_experiments/avs_2p2p2_memorize.csv,avs4p2,avs2p2p2,The primary source of information regarding Darwin’s theory of evolution was Darwin’s scientific discovery that continued developing from his work starting as early as the 1930s until around the late1950s that encompassed natural selection as the basic mechanism of evolution. This was evidenced by detailed examination by Darwin and his scientific discoveries regarding earthworms and their effect on soil and ultimately by his book On the Origin of Species which he published with compelling evidence as he examined earthworms and their effect on soil.,The primary source of information regarding Darwin’s theory of evolution comes from Darwin’s writings – particularly *The life and letters* of Charles Darwin – where he detailed his groundbreaking observations and ideas about natural selection as the basic mechanism of evolution.,"
The primary source of information regarding Darwin's theory of evolution is the text itself.  Specifically, it is presented as a response to objections regarding the origin of life. Darwin presented his theory in a letter to Hooker regarding the possibility of life arising in a ""warm little pond"".
---------------------

Final Answer: The final answer is $\boxed{The text}$","['In response to objections that the origin of life was unexplained, Darwin pointed to acceptance of Newton\'s law even though the cause of gravity was unknown. Despite criticisms and reservations related to this topic, he nevertheless proposed a prescient idea in an 1871 letter to Hooker in which he suggested the origin of life may have occurred in a ""warm little pond"".\nDarwinism became a movement covering a wide range of evolutionary ideas. In 1863, Lyell\'s Geological Evidences of the Antiquity of Man popularised prehistory, though his caution on evolution disappointed Darwin. Weeks later Huxley\'s Evidence as to Man\'s Place in Nature showed that anatomically, humans are apes, then The Naturalist on the River Amazons by Henry Walter Bates provided empirical evidence of natural selection. Lobbying brought Darwin Britain\'s highest scientific honour, the Royal Society\'s Copley Medal, awarded on 3 November 1864. That day, Huxley held the first meeting of what became the influential ""X Club"" devoted to ""science, pure and free, untrammelled by religious dogmas"". By the end of the decade, most scientists agreed that evolution occurred, but only a minority supported Darwin\'s view that the chief mechanism was natural selection.\nThe Origin of Species was translated into many languages, becoming a staple scientific text attracting thoughtful attention from all walks of life, including the ""working men"" who flocked to Huxley\'s lectures. Darwin\'s theory resonated with various movements at the time[V] and became a key fixture of popular culture.[VI] Cartoonists parodied animal ancestry in an old tradition of showing humans with animal traits, and in Britain, these droll images served to popularise Darwin\'s theory in an unthreatening way. While ill in 1862, Darwin began growing a beard, and when he reappeared in public in 1866, caricatures of him as an ape helped to identify all forms of evolutionism with Darwinism.\nOthniel C. Marsh, America\'s first palaeontologist, was the first to provide solid fossil evidence to support Darwin\'s theory of evolution by unearthing the ancestors of the modern horse.  In 1877, Marsh delivered a very influential speech before the annual meeting of the American Association for the Advancement of Science, providing a demonstrative argument for evolution.  For the first time, Marsh traced the evolution of vertebrates from fish all the way through humans.  Sparing no detail, he listed a wealth of fossil examples of past life forms.  The significance of this speech was immediately recognized by the scientific community, and it was printed in its entirety in several scientific journals.']"
3,"- 2. What did Emma Darwin primarily focus on during her time with Charles Darwin, particularly in the later years?",4,Emma Darwin primarily focused on **the evolution of musical ability by means of sexual selection**. Her religious views were not simple but influenced her thinking regarding species and human evolution through intense study and questioning..,dyn_avs_responses/avs_4p2_memorize.csv,./android_experiments/avs_4p2_memorize.csv,2,"Emma Darwin primarily focused on speculating about transmutation of species during her time with Charles Darwin, particularly later years.",dyn_avs_responses/avs_2p2p2_memorize.csv,./android_experiments/avs_2p2p2_memorize.csv,avs4p2,avs2p2p2,Emma Darwin primarily focused on **the evolution of musical ability by means of sexual selection**. Her religious views were not simple but influenced her thinking regarding species and human evolution through intense study and questioning..,"Emma Darwin primarily focused on speculating about transmutation of species during her time with Charles Darwin, particularly later years.","2. Emma Darwin primarily focused on helping her children, nursing them through illnesses, and providing for their needs. She also actively engaged in charitable activities, like distributing bread tokens and providing medical care, especially in the middle of the 1850s.
","['== Marriage ==\n\nEmma Wedgwood accepted Charles\' marriage proposal on 11 November 1838 at the age of 30, and they were married on 29 January 1839 at St. Peter\'s Anglican Church in Maer.  Their cousin, the Reverend John Allen Wedgwood, officiated the marriage.\nAfter a brief period of residence in London, they moved permanently to Down House, located in the rural village of Down, around 16 miles (26 km) from St Paul\'s Cathedral and about two hours by coach and train to London Bridge. The village was later renamed Downe.\nCharles and Emma raised their 10 children in a distinctly non-authoritarian manner, and several of them later achieved considerable success in their chosen careers: George, Francis and Horace became Fellows of the Royal Society.\nEmma Darwin is especially remembered for her patience and fortitude in dealing with her husband\'s long-term illness. She also nursed her children through frequent illnesses, and endured the deaths of three of them: Anne, Mary, and Charles Waring. By the mid-1850s she was known throughout the parish for helping in the way a parson\'s wife might be expected to, giving out bread tokens to the hungry and ""small pensions for the old, dainties for the ailing, and medical comforts and simple medicine"" based on Dr. Robert Darwin\'s old prescription book.\nIn a letter dated 5 July 1844, Charles Darwin entrusted to Emma the responsibility of publishing his work, in the case of his sudden death. Charles lived and published On the Origin of Species in 1859.\nEmma often played the piano for Charles, and in Charles\' 1871 The Descent of Man, and Selection in Relation to Sex, Darwin spent several pages on the evolution of musical ability by means of sexual selection.']"
4,What was the primary reason for the unfinished state of the church when Richard II first arrived?,6,The primary reason for the unfinished state of the church was due to Henry V's disappointment with an abbey's unfinished state – he felt there was something not done. He also prayed at Edward the Confessor’s shrine seeking divine aid when human counsel was altogether wanting during the Peasants' Revolt.,dyn_avs_responses/avs_4p2_memorize.csv,./android_experiments/avs_4p2_memorize.csv,5,The primary reason for the unfinished state of the church was due to Henry V's disappointment with an abbey's unfinished state – he felt there was something not done. He also prayed at Edward the Confessor’s shrine seeking divine aid when human counsel was altogether wanting during the Peasants' Revolt.,dyn_avs_responses/avs_2p2p2_memorize.csv,./android_experiments/avs_2p2p2_memorize.csv,avs4p2,avs2p2p2,The primary reason for the unfinished state of the church was due to Henry V's disappointment with an abbey's unfinished state – he felt there was something not done. He also prayed at Edward the Confessor’s shrine seeking divine aid when human counsel was altogether wanting during the Peasants' Revolt.,The primary reason for the unfinished state of the church was due to Henry V's disappointment with an abbey's unfinished state – he felt there was something not done. He also prayed at Edward the Confessor’s shrine seeking divine aid when human counsel was altogether wanting during the Peasants' Revolt.,"
Richard II first arrived in the church with the intention of completing the project to have a place suitable for the burial of another saint alongside the Confessor.
","['=== Completion of the Gothic church ===\nFrom 1376, Abbot Nicholas Litlyngton and Richard II donated large sums to finish the church. The remainder of the old nave was pulled down and rebuilding commenced, with his mason Henry Yevele closely following the original design even though it was now more than 100 years out of date. During the Peasants\' Revolt of 1381, Richard prayed at Edward the Confessor\'s shrine for ""divine aid when human counsel was altogether wanting"" before meeting the rebels at Smithfield. In the modern day, the abbey holds Richard\'s full-length portrait, the earliest of an English king, on display near the west door.\nBuilding work was not fully complete for many years. Henry V, disappointed with the abbey\'s unfinished state, gave extra funds towards the rebuilding. In his will, he left instructions for a chantry chapel to be built over his tomb; the chapel can be seen from ground level. Between 1470 and 1471, because of fallout from the Wars of the Roses, Elizabeth Woodville, the wife of Edward IV, took sanctuary at Westminster Abbey while her husband was deposed, and gave birth to Edward V in the abbot\'s house. In 1495, building work finally reached the end of the nave, finishing with the west window.\nUnder Henry VII, the 13th-century Lady chapel was demolished and rebuilt in a Perpendicular Gothic style; it is known as the Henry VII Chapel. Work began in 1503 and the main structure was completed by 1509, although decorative work continued for several years afterwards. Henry\'s original reason for building such a grand chapel was to have a place suitable for the burial of another saint alongside the Confessor, as he planned on having Henry VI canonised. The Pope asked Henry VII for a large sum of money to proclaim Henry VI a saint; Henry VII was unwilling to pay the sum, and so instead he is buried in the centre of the chapel with his wife, Elizabeth of York, rather than a large raised shrine like the Confessor.\nA view of the abbey dated 1532 shows a lantern tower above the crossing, but this is not shown in any later depiction. It is unlikely that the loss of this feature was caused by any catastrophic event: structural failure seems more likely. Other sources maintain that a lantern tower was never built. The current squat pyramid dates from the 18th century; the painted wooden ceiling below it was installed during repairs to World War II bomb damage.\nIn the early 16th century, a project began under Abbot John Islip to add two towers to the western end of the church. These had been partially built up to roof level when building work stopped due to uncertainty caused by the English Reformation.']"
5,"How did Darwin’s research with barnacles, particularly Mr. Arthrobalanus, contribute to the development of his theory of natural selection?",23,"Darwin’s research with barnacles, particularly Mr. Arthrobalanus, was instrumental in his theory of natural selection. Here’s how:

*   **Understanding Heterochrony:** Darwin’s obsession with Mr. Arthrobalanus’s unusual morphology (a miniature male barnacle parasitizing an hermaphrodite) led him to realize there were similarities between barnacle body parts – seemingly simple structures – that served different purposes. This highlighted *heterochrony* – where similar structures evolved independently due solely by chance and environmental pressures rather than by common ancestry.
*   **Defining Homology:** By observing Mr Arthrobalanus's atypical traits (like male miniature limbs) he began recognizing homology – similarities between body parts that suggest they have shared origins rather than being inherited traits as he would normally be assumed by evolutionary theory. This helped him understand how new characteristics can arise through evolutionary changes without being inherited like traits passed down from parentage.
*   **Establishing the Intermediate Stage:**  Darwin’s research provided evidence that there’s an intermediate stage where males provide an advantage (like parasitism) that’s not entirely reliant on having sex itself – demonstrating an evolutionary pathway where an trait can evolve at an intermediate stage before becoming fixed. This concept formed part of his theory of natural selection and how species can change over time.
",dyn_avs_responses/avs_4p2_memorize.csv,./android_experiments/avs_4p2_memorize.csv,23,"Darwin’s research with barnacles, particularly Mr. Arthrobalanus, was instrumental in his theory of natural selection. Here’s how:

*   **Understanding Heterochrony:** Darwin’s obsession with Mr. Arthrobalanus’s unusual morphology (a miniature male barnacle parasitizing an hermaphrodite) led him to realize there were similarities between barnacle body parts – seemingly simple structures – that served different purposes. This highlighted *heterochrony* – where similar structures evolved independently due solely by chance and environmental pressures rather than by common ancestry.
*   **Defining Homology:** By observing Mr Arthrobalanus's atypical traits (like male miniature limbs) he began recognizing homology – similarities between body parts that suggest they have shared origins rather than being inherited traits as he would normally be assumed by evolutionary theory. This helped him understand how new characteristics can arise through evolutionary changes without being inherited like traits passed down from parentage.
*   **Establishing the Intermediate Stage:**  Darwin’s research provided evidence that there’s an intermediate stage where males provide an advantage (like parasitism) that’s not entirely reliant on having sex itself – demonstrating an evolutionary pathway where an trait can evolve at an intermediate stage before becoming fixed. This concept formed part of his theory of natural selection and how species can change over time.
",dyn_avs_responses/avs_2p2p2_memorize.csv,./android_experiments/avs_2p2p2_memorize.csv,avs4p2,avs2p2p2,"Darwin’s research with barnacles, particularly Mr. Arthrobalanus, was instrumental in his theory of natural selection. Here’s how:

*   **Understanding Heterochrony:** Darwin’s obsession with Mr. Arthrobalanus’s unusual morphology (a miniature male barnacle parasitizing an hermaphrodite) led him to realize there were similarities between barnacle body parts – seemingly simple structures – that served different purposes. This highlighted *heterochrony* – where similar structures evolved independently due solely by chance and environmental pressures rather than by common ancestry.
*   **Defining Homology:** By observing Mr Arthrobalanus's atypical traits (like male miniature limbs) he began recognizing homology – similarities between body parts that suggest they have shared origins rather than being inherited traits as he would normally be assumed by evolutionary theory. This helped him understand how new characteristics can arise through evolutionary changes without being inherited like traits passed down from parentage.
*   **Establishing the Intermediate Stage:**  Darwin’s research provided evidence that there’s an intermediate stage where males provide an advantage (like parasitism) that’s not entirely reliant on having sex itself – demonstrating an evolutionary pathway where an trait can evolve at an intermediate stage before becoming fixed. This concept formed part of his theory of natural selection and how species can change over time.
","Darwin’s research with barnacles, particularly Mr. Arthrobalanus, was instrumental in his theory of natural selection. Here’s how:

*   **Understanding Heterochrony:** Darwin’s obsession with Mr. Arthrobalanus’s unusual morphology (a miniature male barnacle parasitizing an hermaphrodite) led him to realize there were similarities between barnacle body parts – seemingly simple structures – that served different purposes. This highlighted *heterochrony* – where similar structures evolved independently due solely by chance and environmental pressures rather than by common ancestry.
*   **Defining Homology:** By observing Mr Arthrobalanus's atypical traits (like male miniature limbs) he began recognizing homology – similarities between body parts that suggest they have shared origins rather than being inherited traits as he would normally be assumed by evolutionary theory. This helped him understand how new characteristics can arise through evolutionary changes without being inherited like traits passed down from parentage.
*   **Establishing the Intermediate Stage:**  Darwin’s research provided evidence that there’s an intermediate stage where males provide an advantage (like parasitism) that’s not entirely reliant on having sex itself – demonstrating an evolutionary pathway where an trait can evolve at an intermediate stage before becoming fixed. This concept formed part of his theory of natural selection and how species can change over time.
","
Darwin's research with Mr. Arthrobalanus, especially his study of the species' relationship, was a foundational step in his theory of natural selection. The confusion about the Cryptophialus minutus, and the detailed investigation of the species, fostered a focus on the study of taxa and systematic classification. His careful examination of the species led to a more refined understanding of evolutionary relationships. Ultimately, this focused investigation helped him refine his ideas and articulate his theory of natural selection in a way that was directly linked to the study of barnacles.
","['=== Geology books, barnacles, evolutionary research ===\n\nDarwin now had the framework of his theory of natural selection ""by which to work"", as his ""prime hobby"". His research included extensive experimental selective breeding of plants and animals, finding evidence that species were not fixed and investigating many detailed ideas to refine and substantiate his theory. For fifteen years this work was in the background to his main occupation of writing on geology and publishing expert reports on the Beagle collections, in particular, the barnacles. \nThe impetus of Darwin\'s barnacle research came from a collection of a barnacle colony from Chile in 1835, which he dubbed Mr. Arthrobalanus. His confusion over the relationship of this species (Cryptophialus minutus) to other barnacles caused him to fixate on the systematics of the taxa. He wrote his first examination of the species in 1846 but did not formally describe it until 1854.\nFitzRoy\'s long-delayed Narrative was published in May 1839. Darwin\'s Journal and Remarks got good reviews as the third volume, and on 15 August it was published on its own. Early in 1842, Darwin wrote about his ideas to Charles Lyell, who noted that his ally ""denies seeing a beginning to each crop of species"".\nDarwin\'s book The Structure and Distribution of Coral Reefs on his theory of atoll formation was published in May 1842 after more than three years of work, and he then wrote his first ""pencil sketch"" of his theory of natural selection. To escape the pressures of London, the family moved to rural Down House in Kent in September. On 11 January 1844, Darwin mentioned his theorising to the botanist Joseph Dalton Hooker, writing with melodramatic humour ""it is like confessing a murder"". Hooker replied, ""There may, in my opinion, have been a series of productions on different spots, & also a gradual change of species. I shall be delighted to hear how you think that this change may have taken place, as no presently conceived opinions satisfy me on the subject.""\n\nBy July, Darwin had expanded his ""sketch"" into a 230-page ""Essay"", to be expanded with his research results if he died prematurely. In November, the anonymously published sensational best-seller Vestiges of the Natural History of Creation brought wide interest in transmutation. Darwin scorned its amateurish geology and zoology, but carefully reviewed his own arguments. Controversy erupted, and it continued to sell well despite contemptuous dismissal by scientists.\nDarwin completed his third geological book in 1846. He now renewed a fascination and expertise in marine invertebrates, dating back to his student days with Grant, by dissecting and classifying the barnacles he had collected on the voyage, enjoying observing beautiful structures and thinking about comparisons with allied structures. In 1847, Hooker read the ""Essay"" and sent notes that provided Darwin with the calm critical feedback that he needed, but would not commit himself and questioned Darwin\'s opposition to continuing acts of creation.\nIn an attempt to improve his chronic ill health, Darwin went in 1849 to Dr. James Gully\'s Malvern spa and was surprised to find some benefit from hydrotherapy. Then, in 1851, his treasured daughter Annie fell ill, reawakening his fears that his illness might be hereditary. She died the same year after a long series of crises.\nIn eight years of work on barnacles, Darwin\'s theory helped him to find ""homologies"" showing that slightly changed body parts served different functions to meet new conditions, and in some genera he found minute males parasitic on hermaphrodites, showing an intermediate stage in evolution of distinct sexes. In 1853, it earned him the Royal Society\'s Royal Medal, and it made his reputation as a biologist. Upon the conclusion of his research, Darwin declared ""I hate a barnacle as no man ever did before."" In 1854, he became a Fellow of the Linnean Society of London, gaining postal access to its library. He began a major reassessment of his theory of species, and in November realised that divergence in the character of descendants could be explained by them becoming adapted to ""diversified places in the economy of nature"".\n\n\n=== Publication of the theory of natural selection ===\n\nBy the start of 1856, Darwin was investigating whether eggs and seeds could survive travel across seawater to spread species across oceans. Hooker increasingly doubted the traditional view that species were fixed, but their young friend Thomas Henry Huxley was still firmly against the transmutation of species. Lyell was intrigued by Darwin\'s speculations without realising their extent. When he read a paper by Alfred Russel Wallace, ""On the Law which has Regulated the Introduction of New Species"", he saw similarities with Darwin\'s thoughts and urged him to publish to establish precedence.']"
6,What was the significance of the South Bridge Act of 1785 in relation to the university's physical location and its historical connections?,8,The South Bridge Act of 1785 was significant because it established an area (West Mains Farm) that was previously an area where various buildings had existed as an old “hotchpotch” of buildings and was used as an initial location for university’s authority over its own affairs.. This act fundamentally redefined the university’s physical location and its historical connections by establishing governing bodies like an university court and an general council that oversaw university affairs.,dyn_avs_responses/avs_4p2_memorize.csv,./android_experiments/avs_4p2_memorize.csv,8,"The South Bridge Act’s significance was that it established South Bridge as an ideal location – not just an academic space but also as an infrastructure base for the university’s burgeoning growth. By adopting South Bridge as an option for university construction and establishing an endowment system which would ensure its financial sustainability , they aimed at building an institution that would be an integral part of the British Empire’s academic landscape and fostering connections between diverse learning centers across the colonies.",dyn_avs_responses/avs_2p2p2_memorize.csv,./android_experiments/avs_2p2p2_memorize.csv,avs4p2,avs2p2p2,The South Bridge Act of 1785 was significant because it established an area (West Mains Farm) that was previously an area where various buildings had existed as an old “hotchpotch” of buildings and was used as an initial location for university’s authority over its own affairs.. This act fundamentally redefined the university’s physical location and its historical connections by establishing governing bodies like an university court and an general council that oversaw university affairs.,"The South Bridge Act’s significance was that it established South Bridge as an ideal location – not just an academic space but also as an infrastructure base for the university’s burgeoning growth. By adopting South Bridge as an option for university construction and establishing an endowment system which would ensure its financial sustainability , they aimed at building an institution that would be an integral part of the British Empire’s academic landscape and fostering connections between diverse learning centers across the colonies.","
The South Bridge Act of 1785 was significant because it led to the construction of Old College, the university's first custom-built building. It was situated at a location that had been used since its establishment, including a secret tunnel from a nearby house, and it was subsequently used by Burke and Hare for the delivery of corpses. The act cemented the university's position as a ""hotbed of genius"" and the location helped to secure the university's reputation as a center of medical research.
","['Between 1750 and 1800, this system produced and attracted key Enlightenment figures such as chemist Joseph Black, economist Adam Smith, historian William Robertson, philosophers David Hume and Dugald Stewart, physician William Cullen, and early sociologist Adam Ferguson, many of which taught concurrently. By the time the Royal Society of Edinburgh was founded in 1783, the university was regarded as one of the world\'s preeminent scientific institutions, and Voltaire called Edinburgh a ""hotbed of genius"" as a result. Benjamin Franklin believed that the university possessed ""a set of as truly great men, Professors of the Several Branches of Knowledge, as have ever appeared in any Age or Country"". Thomas Jefferson felt that as far as science was concerned, ""no place in the world can pretend to a competition with Edinburgh"".\n\nIn 1785, Henry Dundas introduced the South Bridge Act in the House of Commons; one of the bill\'s goals was to use South Bridge as a location for the university, which had existed in a hotchpotch of buildings since its establishment. The site was used to construct Old College, the university\'s first custom-built building, by architect William Henry Playfair to plans by Robert Adam. During the 18th century, the university developed a particular forte in teaching anatomy and the developing science of surgery, and it was considered one of the best medical schools in the English-speaking world. Bodies to be used for dissection were brought to the university\'s Anatomy Theatre through a secret tunnel from a nearby house (today\'s College Wynd student accommodation), which was also used by murderers Burke and Hare to deliver the corpses of their victims during the 1820s.\nThe Edinburgh snowball riots of 1838 also known as the \'Wars of the Quadrangle\' occurred when University of Edinburgh students engaged in what started as a snowball fight in ""a spirit of harmless amusement"" before becoming a two-day \'battle\' at Old College with local Edinburgh residents on South Bridge which led to the Lord Provost calling from the 79th regiment to be called from Edinburgh Castle to quell the disturbance. This was later immortalised in a 92-page humorous account written by the students entitled The University Snowdrop and then later, in 1853, in a landscape by English artist, Samuel Bough.\n\nAfter 275 years of governance by the town council, the Universities (Scotland) Act 1858 gave the university full authority over its own affairs. The act established governing bodies including a university court and a general council, and redefined the roles of key officials like the chancellor, rector, and principal.\n\nThe Edinburgh Seven were the first group of matriculated undergraduate female students at any British university. Led by Sophia Jex-Blake, they began studying medicine at the University of Edinburgh in 1869. Although the university blocked them from graduating and qualifying as doctors, their campaign gained national attention and won them many supporters, including Charles Darwin. Their efforts put the rights of women to higher education on the national political agenda, which eventually resulted in legislation allowing women to study at all Scottish universities in 1889. The university admitted women to graduate in medicine in 1893. In 2015, the Edinburgh Seven were commemorated with a plaque at the university, and in 2019 they were posthumously awarded with medical degrees.\n\nTowards the end of the 19th century, Old College was becoming overcrowded. After a bequest from Sir David Baxter, the university started planning new buildings in earnest. Sir Robert Rowand Anderson won the public architectural competition and was commissioned to design new premises for the Medical School in 1877. Initially, the design incorporated a campanile and a hall for examination and graduation, but this was seen as too ambitious. The new Medical School opened in 1884, but the building was not completed until 1888. After funds were donated by politician and brewer William McEwan in 1894, a separate graduation building was constructed after all, also designed by Anderson. The resulting McEwan Hall on Bristo Square was presented to the university in 1897.\n\nThe Students\' Representative Council (SRC) was founded in 1884 by student Robert Fitzroy Bell. In 1889, the SRC voted to establish Edinburgh University Union (EUU), to be housed in Teviot Row House on Bristo Square. Edinburgh University Sports Union (EUSU) was founded in 1866, and Edinburgh University Women\'s Union (renamed the Chambers Street Union in 1964) in October 1905. The SRC, EUU and Chambers Street Union merged to form Edinburgh University Students\' Association (EUSA) on 1 July 1973.']"
7,"What was John Stevens Henslow’s primary area of interest during his career, and how did his early interests align with his later career path?",7,"John Stevens Henslow’s primary area of interest during his career was geology and botany and his early interests aligned remarkably well with his later career path as mentor for Charles Darwin. Specifically, his fascination with geological observations led him into research into mineralogy and ultimately into Darwin’s groundbreaking work on evolution through natural selection – which he greatly influenced with his detailed work on various minerals and their composition.",dyn_avs_responses/avs_4p2_memorize.csv,./android_experiments/avs_4p2_memorize.csv,7,"John Stevens Henslow’s primary area of interest during his career was geology and botany and his early interests aligned remarkably well with his later career path as mentor for Charles Darwin. Specifically, his fascination with geological observations led him into research into mineralogy and ultimately into Darwin’s groundbreaking work on evolution through natural selection – which he greatly influenced with his detailed work on various minerals and their composition.",dyn_avs_responses/avs_2p2p2_memorize.csv,./android_experiments/avs_2p2p2_memorize.csv,avs4p2,avs2p2p2,"John Stevens Henslow’s primary area of interest during his career was geology and botany and his early interests aligned remarkably well with his later career path as mentor for Charles Darwin. Specifically, his fascination with geological observations led him into research into mineralogy and ultimately into Darwin’s groundbreaking work on evolution through natural selection – which he greatly influenced with his detailed work on various minerals and their composition.","John Stevens Henslow’s primary area of interest during his career was geology and botany and his early interests aligned remarkably well with his later career path as mentor for Charles Darwin. Specifically, his fascination with geological observations led him into research into mineralogy and ultimately into Darwin’s groundbreaking work on evolution through natural selection – which he greatly influenced with his detailed work on various minerals and their composition.","
John Stevens Henslow's primary area of interest during his career was natural history, particularly botany and geology. However, his early interest in botany became a significant focus, shaping his later career path. 
Initially, his passion for natural history, fueled by his childhood, influenced his career, and he became particularly attached to plants. This led him to study mineralogy, later to become a teacher, and to meticulously classify plants and their variations. His initial interest in botany blossomed into a detailed, analytical approach to plant taxonomy and species classification, leading to a significant and enduring contribution to the field.
","['John Stevens Henslow (6 February 1796 – 16 May 1861) was an English Anglican priest, botanist and geologist. He is best remembered as friend and mentor to Charles Darwin.\n\n\n== Early life ==\nHenslow was born at Rochester, Kent, the son of a solicitor John Prentis Henslow, who was the son of John Henslow.\nHenslow was educated at St. John\'s College, Cambridge where he graduated as 16th wrangler in 1818, the year in which Adam Sedgwick became Woodwardian Professor of Geology.\n\n\n== Early career ==\nHenslow graduated in 1818. He already had a passion for natural history from his childhood, which largely influenced his career, and he accompanied Sedgwick in 1819 on a tour in the Isle of Wight where he learned his first lessons in geology. He also studied chemistry under Professor James Cumming and mineralogy under Edward Daniel Clarke. In the autumn of 1819 he made valuable observations on the geology of the Isle of Man (Trans. Geol. Soc., 1821) and in 1820 and 1821 he investigated the geology of parts of Anglesey, the results being printed in the first volume of the Transactions of the Cambridge Philosophical Society (1822). The Philosophical Society was founded in November 1819 by a group at Cambridge with Professors Farish, Lee, and Sedgwick and Henslow (at that time not yet a professor). The idea and initial impetus for the society originated from Sedgwick and Henslow.\nMeanwhile, Henslow had studied mineralogy with considerable zeal, so that on the death of Clarke he was in 1822 appointed professor of mineralogy in the University of Cambridge. Two years later he took holy orders. Botany, however, had claimed much of his attention, and to this science he became more and more attached, so that he gladly resigned the chair of mineralogy in 1827, two years after becoming professor of botany. As a teacher both in the classroom and in the field he was eminently successful. He was a correspondent of John James Audubon who in 1829 named Henslow\'s sparrow (Centronyx henslowii) after him.\nFrom 1821 Henslow had begun organising a herbarium of British flora, supplementing his own collecting with a network which expanded over time to include his friends and family, and the botanists William Jackson Hooker and John Hutton Balfour, as well as about 30 of his students. As a mineralogist he had used Haüy\'s laws of crystallography to analyse complex crystals as transformations of ""the primitive form of the species"" of crystal, and when he moved to botany in 1825 he sought similarly precise laws to group plant varieties into species, often including as varieties plants that respected taxonomists had ranked as separate species. He followed the understanding of the time that species were fixed as created but could vary within limits, and hoped to analyse these limits of variation. By a method he called ""collation"", Henslow prepared sheets with several plant specimens, each labelled with the collector, date and place of collection, comparing the specimens to show the variation within the species. His A Catalogue of British Plants was first published in October 1829, and became a set book for his lecture course.\nHenslow is remembered as friend and mentor to his pupil Charles Darwin, and for inspiring him with a passion for natural history. The two met in 1828. Earlier that year, Darwin joined the course and along with other students helped to collect plants of Cambridgeshire. Henslow became his tutor, and it was not long before he marked out Darwin as a promising student. In 1830 Henslow experimented on varying the conditions of garden grown wild plants to produce various forms of the plant. In 1835 Henslow published Principles of Descriptive and Physiological Botany as a textbook based on this lecture course.\nIn the summer of 1831 Henslow was offered a place as naturalist to sail aboard the survey ship HMS Beagle on a two-year voyage to survey South America, but his wife dissuaded him from accepting. Seeing a perfect opportunity for his protégé, Henslow wrote to the ship\'s captain Robert Fitzroy telling him that Darwin was the ideal man to join the expedition team. During the voyage, Darwin corresponded with Henslow, and collected plants with him in mind. In particular, when first arriving at the Galápagos Islands Darwin noted ""I certainly recognize S America in Ornithology, would a botanist?"", and went on to collect plant specimens carefully labelled by island and date. He also labelled the mockingbirds he caught, and initially thought these were varieties but while arranging these bird specimens on the last lap of the voyage he began wondering if they could be species, a possibility which would ""undermine the stability of Species"". Henslow\'s teaching continued to influence Darwin\'s work on evolution.\nBesides Darwin, other famous students of Henslow included Miles Joseph Berkeley, Cardale Babington, Leonard Jenyns, Richard Thomas Lowe and William Hallowes Miller.']"
8,"According to Darwin, what was the primary objective of the voyage on HMS Beagle?",3,"According to Darwin, the primary objective of the voyage on HMS Beagle was surveying South America as part of his two-year exploration trip.",dyn_avs_responses/avs_4p2_memorize.csv,./android_experiments/avs_4p2_memorize.csv,3,"According to Darwin, the primary objective of the voyage on HMS Beagle was surveying South America as part of his two-year exploration trip.",dyn_avs_responses/avs_2p2p2_memorize.csv,./android_experiments/avs_2p2p2_memorize.csv,avs4p2,avs2p2p2,"According to Darwin, the primary objective of the voyage on HMS Beagle was surveying South America as part of his two-year exploration trip.","According to Darwin, the primary objective of the voyage on HMS Beagle was surveying South America as part of his two-year exploration trip.","
The primary objective of the voyage on HMS Beagle was to chart the coastline of South America.
","['=== Survey voyage on HMS Beagle ===\n\nAfter leaving Sedgwick in Wales, Darwin spent a few days with student friends at Barmouth. He returned home on 29 August to find a letter from Henslow proposing him as a suitable (if unfinished) naturalist for a self-funded supernumerary place on HMS Beagle with captain Robert FitzRoy, a position for a gentleman rather than ""a mere collector"". The ship was to leave in four weeks on an expedition to chart the coastline of South America. Robert Darwin objected to his son\'s planned two-year voyage, regarding it as a waste of time, but was persuaded by his brother-in-law, Josiah Wedgwood II, to agree to (and fund) his son\'s participation. Darwin took care to remain in a private capacity to retain control over his collection, intending it for a major scientific institution.\nAfter delays, the voyage began on 27 December 1831; it lasted almost five years. As FitzRoy had intended, Darwin spent most of that time on land investigating geology and making natural history collections, while HMS Beagle surveyed and charted coasts. He kept careful notes of his observations and theoretical speculations. At intervals during the voyage, his specimens were sent to Cambridge together with letters including a copy of his journal for his family. He had some expertise in geology, beetle collecting and dissecting marine invertebrates, but in all other areas, was a novice and ably collected specimens for expert appraisal. Despite suffering badly from seasickness, Darwin wrote copious notes while on board the ship. Most of his zoology notes are about marine invertebrates, starting with plankton collected during a calm spell.\n\nOn their first stop ashore at St Jago in Cape Verde, Darwin found that a white band high in the volcanic rock cliffs included seashells. FitzRoy had given him the first volume of Charles Lyell\'s Principles of Geology, which set out uniformitarian concepts of land slowly rising or falling over immense periods,[II] and Darwin saw things Lyell\'s way, theorising and thinking of writing a book on geology. When they reached Brazil, Darwin was delighted by the tropical forest, but detested the sight of slavery there, and disputed this issue with FitzRoy.\nThe survey continued to the south in Patagonia. They stopped at Bahía Blanca, and in cliffs near Punta Alta Darwin made a major find of fossil bones of huge extinct mammals beside modern seashells, indicating recent extinction with no signs of change in climate or catastrophe. He found bony plates like a giant version of the armour on local armadillos. From a jaw and tooth he identified the gigantic Megatherium, then from Cuvier\'s description thought the armour was from this animal. The finds were shipped to England, and scientists found the fossils of great interest. In Patagonia, Darwin came to wrongly believe the territory was devoid of reptiles.\nOn rides with gauchos into the interior to explore geology and collect more fossils, Darwin gained social, political and anthropological insights into both native and colonial people at a time of revolution, and learnt that two types of rhea had separate but overlapping territories. Further south, he saw stepped plains of shingle and seashells as raised beaches at a series of elevations. He read Lyell\'s second volume and accepted its view of ""centres of creation"" of species, but his discoveries and theorising challenged Lyell\'s ideas of smooth continuity and of extinction of species.\nThree Fuegians on board, who had been seized during the first Beagle voyage then given Christian education in England, were returning with a missionary. Darwin found them friendly and civilised, yet at Tierra del Fuego he met ""miserable, degraded savages"", as different as wild from domesticated animals. He remained convinced that, despite this diversity, all humans were interrelated with a shared origin and potential for improvement towards civilisation. Unlike his scientist friends, he now thought there was no unbridgeable gap between humans and animals. A year on, the mission had been abandoned. The Fuegian they had named Jemmy Button lived like the other natives, had a wife, and had no wish to return to England.\n\nDarwin experienced an earthquake in Chile in 1835 and saw signs that the land had just been raised, including mussel-beds stranded above high tide. High in the Andes he saw seashells and several fossil trees that had grown on a sand beach. He theorised that as the land rose, oceanic islands sank, and coral reefs round them grew to form atolls.\nOn the geologically new Galápagos Islands, Darwin looked for evidence attaching wildlife to an older ""centre of creation"", and found mockingbirds allied to those in Chile but differing from island to island.']"
9,What is the historical significance of the Edinburgh University Students' Association (EUSA)?,8,The Edinburgh University Students' Association (EUSA) was founded over two centuries ago (1866) as part of an earlier Union dedicated specifically *to* women's rights and student representation. Its historical significance lies in its role as an organization that actively fought for equal rights and advocated as an equal representative council for students. This history reflects an early commitment by Edinburgh University itself towards inclusivity and representation in its student body – an ethos which continues within the organization today.,dyn_avs_responses/avs_4p2_memorize.csv,./android_experiments/avs_4p2_memorize.csv,9,"Here’s my response:

The Edinburgh University Students' Association (EUSA) played an extremely significant role historically within the university’s landscape as it was established around October 1905 by student Roosebury Street Union.  While Edinburgh University’s overall ranking as one of THE best universities in the UK was not always an issue as EUSA was an important organisation within student life which promoted student union and collective action in Edinburgh University . This helped shape student life throughout its existence..",dyn_avs_responses/avs_2p2p2_memorize.csv,./android_experiments/avs_2p2p2_memorize.csv,avs4p2,avs2p2p2,The Edinburgh University Students' Association (EUSA) was founded over two centuries ago (1866) as part of an earlier Union dedicated specifically *to* women's rights and student representation. Its historical significance lies in its role as an organization that actively fought for equal rights and advocated as an equal representative council for students. This history reflects an early commitment by Edinburgh University itself towards inclusivity and representation in its student body – an ethos which continues within the organization today.,"Here’s my response:

The Edinburgh University Students' Association (EUSA) played an extremely significant role historically within the university’s landscape as it was established around October 1905 by student Roosebury Street Union.  While Edinburgh University’s overall ranking as one of THE best universities in the UK was not always an issue as EUSA was an important organisation within student life which promoted student union and collective action in Edinburgh University . This helped shape student life throughout its existence..","
The Edinburgh University Students' Association (EUSA) is a significant historical institution with a long and complex past. It began in 1973 as a merger of the SRC, EUU, and Chambers Street Union.  During World War I, EUSA played a vital role in supporting students and their campuses. Subsequent events included the establishment of the Joseph Black Building in 1920, the development of the New College satellite campus in 1935, and the merging of the Polish School of Medicine in 1949. Through its role in wartime support and later in addressing the needs of students in the 20th century, the EUSA has become a crucial part of Edinburgh University's history and continues to evolve to this day.
","[""The Students' Representative Council (SRC) was founded in 1884 by student Robert Fitzroy Bell. In 1889, the SRC voted to establish Edinburgh University Union (EUU), to be housed in Teviot Row House on Bristo Square. Edinburgh University Sports Union (EUSU) was founded in 1866, and Edinburgh University Women's Union (renamed the Chambers Street Union in 1964) in October 1905. The SRC, EUU and Chambers Street Union merged to form Edinburgh University Students' Association (EUSA) on 1 July 1973.\n\n\n=== 20th century ===\nDuring World War I, the Science and Medicine buildings had suffered from a lack of repairs or upgrades, which was exacerbated by an influx of students after the end of the war. In 1919, the university bought the land of West Mains Farm in the south of the city for the development of a new satellite campus specialising in the sciences. On 6 July 1920, King George V laid the foundation of the first new building (now called the Joseph Black Building), housing the Department of Chemistry. The campus was named King's Buildings in honour of George V.\n\nNew College on The Mound was originally opened in 1846 as a Free Church of Scotland college, later of the United Free Church of Scotland. Since the 1930s it has been the home of the School of Divinity. Prior to the 1929 reunion of the Church of Scotland, candidates for the ministry in the United Free Church studied at New College, whilst candidates for the Church of Scotland studied in the university's Faculty of Divinity. In 1935 the two institutions merged, with all operations moved to the New College site in Old Town. This freed up Old College for Edinburgh Law School.\n\nThe Polish School of Medicine was established in 1941 as a wartime academic initiative. While it was originally intended for students and doctors in the Polish Armed Forces in the West, civilians were also allowed to take the courses, which were taught in Polish and awarded Polish medical degrees. When the school was closed in 1949, 336 students had matriculated, of which 227 students graduated with the equivalent of an MBChB and a total of 19 doctors obtained a doctorate or MD. A bronze plaque commemorating the Polish School of Medicine is located in the Quadrangle of the old Medical School in Teviot Place.\nOn 10 May 1951, the Royal (Dick) Veterinary College, founded in 1823 by William Dick, was reconstituted as the Royal (Dick) School of Veterinary Studies and officially became part of the university. It achieved full faculty status as Faculty of Veterinary Medicine in 1964.\nIn 1955 the university opened the first department of nursing in Europe for academic study. This department was inspired by the work of Gladys Beaumont Carter and a grant from the Rockefeller Foundation.\nBy the end of the 1950s, there were around 7,000 students matriculating annually, more than doubling the numbers from the turn of the century. The university addressed this partially through the redevelopment of George Square, demolishing much of the area's historic houses and erecting modern buildings such as 40 George Square, Appleton Tower and the Main Library.\nOn 1 August 1998, the Moray House Institute of Education, founded in 1848, merged with the University of Edinburgh, becoming its Faculty of Education. Following the internal restructuring of the university in 2002, Moray House became known as the Moray House School of Education. It was renamed the Moray House School of Education and Sport in August 2019.""]"
10,How many partner institutions are associated with the university's exchange programmes?,3,There are approximately **300** partner institutions associated with the university's exchange programmes worldwide.\n\n,dyn_avs_responses/avs_4p2_memorize.csv,./android_experiments/avs_4p2_memorize.csv,3,"There are around 40 countries worldwide with most partner universities being located in Europe, North America, and Asia.",dyn_avs_responses/avs_2p2p2_memorize.csv,./android_experiments/avs_2p2p2_memorize.csv,avs4p2,avs2p2p2,There are approximately **300** partner institutions associated with the university's exchange programmes worldwide.\n\n,"There are around 40 countries worldwide with most partner universities being located in Europe, North America, and Asia.","300
","['=== Library system ===\n\nPre-dating the university by three years, Edinburgh University Library was founded in 1580 through the donation of a large collection by Clement Litill, and today is the largest academic library collection in Scotland. The Brutalist style eight-storey Main Library building in George Square was designed by Sir Basil Spence. At the time of its completion in 1967, it was the largest building of its type in the UK, and today is a category A listed building. The library system also includes many specialised libraries at the college and school level.\n\n\n=== Exchange programmes ===\n\nThe university offers students the opportunity to study abroad at around 300 partner institutions in nearly 40 countries worldwide, with most partner universities being located in Europe, North America, and Asia.\nUniversity-wide exchanges are open to most, but not all, students on undergraduate degrees in the College of Arts, Humanities, and Social Sciences, and the College of Science and Engineering; most students in the College of Medicine and Veterinary Medicine are not eligible for exchanges. Students will normally go abroad in their third year. The list of partner institutions is shown as follows (part of):\n\nAsia-Pacific: Fudan University, University of Hong Kong, University of Melbourne, Seoul National University, University of Sydney, National University of Singapore, Nanyang Technological University\nEurope: University of Amsterdam, University of Copenhagen, University of Helsinki, Lund University, Sciences Po, University College Dublin, Uppsala University\nLatin America: National Autonomous University of Mexico, Pontifical Catholic University of Chile, University of São Paulo\nNorthern America: Boston College, Barnard College of Columbia University, University of California (except for Merced and San Francisco), Caltech, University of Chicago, Cornell University, Georgetown University, McGill University, University of North Carolina at Chapel Hill, University of Pennsylvania, University of Texas at Austin, University of Toronto, University of Virginia, Washington University in St. Louis\nSubject-specific exchanges are open to students studying in particular schools or subject areas, including exchange programmes with Carnegie Mellon University, Emory University, Ecole du Louvre, EPFL, ETH Zurich, ESSEC Business School, ENS Paris, HEC Paris, Humboldt University of Berlin, Karolinska Institute, Kyoto University, LMU Munich, University of Michigan, Peking University, Rhode Island School of Design, Sorbonne University, TU München, Waseda University, Wharton School of the University of Pennsylvania, and others.']"
11,- 3. What was the primary purpose of Charles Darwin's letter to Emma?,3,The primary purpose of Charles Darwin's letter was Emma’s desire for her belief that differences between beliefs would separate them and her desire that they should be close and openly share ideas.,dyn_avs_responses/avs_4p2_memorize.csv,./android_experiments/avs_4p2_memorize.csv,4,The primary purpose of Charles Darwin’s letter was for Emma – he wanted her assurance regarding his views on her life and their potential future relationship and his fear that differences between their beliefs would separate them.,dyn_avs_responses/avs_2p2p2_memorize.csv,./android_experiments/avs_2p2p2_memorize.csv,avs4p2,avs2p2p2,The primary purpose of Charles Darwin's letter was Emma’s desire for her belief that differences between beliefs would separate them and her desire that they should be close and openly share ideas.,The primary purpose of Charles Darwin’s letter was for Emma – he wanted her assurance regarding his views on her life and their potential future relationship and his fear that differences between their beliefs would separate them.,"
---------------------
The primary purpose of Charles Darwin's letter to Emma was to entrust her with the responsibility of publishing his work.
","['== Marriage ==\n\nEmma Wedgwood accepted Charles\' marriage proposal on 11 November 1838 at the age of 30, and they were married on 29 January 1839 at St. Peter\'s Anglican Church in Maer.  Their cousin, the Reverend John Allen Wedgwood, officiated the marriage.\nAfter a brief period of residence in London, they moved permanently to Down House, located in the rural village of Down, around 16 miles (26 km) from St Paul\'s Cathedral and about two hours by coach and train to London Bridge. The village was later renamed Downe.\nCharles and Emma raised their 10 children in a distinctly non-authoritarian manner, and several of them later achieved considerable success in their chosen careers: George, Francis and Horace became Fellows of the Royal Society.\nEmma Darwin is especially remembered for her patience and fortitude in dealing with her husband\'s long-term illness. She also nursed her children through frequent illnesses, and endured the deaths of three of them: Anne, Mary, and Charles Waring. By the mid-1850s she was known throughout the parish for helping in the way a parson\'s wife might be expected to, giving out bread tokens to the hungry and ""small pensions for the old, dainties for the ailing, and medical comforts and simple medicine"" based on Dr. Robert Darwin\'s old prescription book.\nIn a letter dated 5 July 1844, Charles Darwin entrusted to Emma the responsibility of publishing his work, in the case of his sudden death. Charles lived and published On the Origin of Species in 1859.\nEmma often played the piano for Charles, and in Charles\' 1871 The Descent of Man, and Selection in Relation to Sex, Darwin spent several pages on the evolution of musical ability by means of sexual selection.']"
12,"What are the different types of medals awarded by the Society, and how do their values differ based on the specific context within the documents?",48,"Okay! Let's break down what different medals awarded by the Society have different purposes depending on how they’re used. The Society offers multiple medals reflecting various aspects of scientific advancement and service – here’s what I’ve gathered:

**Different Types of Medals Awarded by the Society:**

*   **Aberconway Medal:** This medal acknowledges contributions towards geological and geographical understanding and particularly serves as an initial award given by the Society
*   **Bigsby Medal:** This medal recognizes significant contributions related towards geological understanding and has an emphasis on exploration and discovery
*   **Dewey Medal:** This medal can be awarded as an honour for achievements related towards understanding an environmental systems
*   **Distinguished Service Award:** This medal highlights an outstanding effort by someone who’s demonstrated leadership and dedication – often as an acknowledgement that their service has shaped scientific progress.
*   **Lyell Medal:** This medal recognizes contributions related towards establishing scientific knowledge related towards planetary science
*   **Major John Sacheverell A'Deane Coke Medal:** This medal recognises an outstanding contribution towards geological and geographical understanding
*   **Major Edward D'Ewes Fitzgerald Coke Medal:** This medal acknowledges an outstanding contribution towards geological and geographical understanding
*   **Murchison Medal:** This medal acknowledges an outstanding contribution towards geological understanding
*   **President’s Awards:** This medal reflects an achievement by scientists contributing toward an overall goal and system-wide knowledge understanding
*   **Prestwich Medal:** This medal recognizes an outstanding contribution towards an overall scientific endeavour
*   **Rs ==** This medal acknowledges an outstanding contribution towards scientific research

**How their values differ based on context:**

*   **Aberconway Medal:** The emphasis here focuses primarily on geological discoveries and geographical understanding – it’s about *finding* something new! The award's context suggests an acknowledgement that discoveries have significant implications.
*   **Lyell Medal:** The focus here emphasizes planetary science – an understanding and measurement system and an exploration system
*   **Distinguished Service Award:** While reflecting outstanding leadership and dedication – these medals often signify an effort aimed at *enhancing* or *preserving* something – be they an environment or scientific understanding
*   **Murchison Medal:** This medal recognizes geological exploration; there’s an emphasis on discovery and mapping
*   **President's Awards:** These awards tend toward an overall scientific goal – an improvement or enhancement as part of an overall understanding
*   **Prestwich Medal:** A medal recognizing an outstanding contribution towards an overall scientific endeavour – an aim towards creating an improved understanding.
*   **Rs ==** This medal recognizes an outstanding contribution towards scientific research – an acknowledgement that scientific understanding can be an integral part of an ongoing endeavour

Essentially, each medal's meaning shifts based on *what* they’re meant for – geological discoveries? Planetary science?  Or an overall goal?",dyn_avs_responses/avs_4p2_memorize.csv,./android_experiments/avs_4p2_memorize.csv,48,"Okay! Let's break down what different medals awarded by the Society have different purposes depending on how they’re used. The Society offers multiple medals reflecting various aspects of scientific advancement and service – here’s what I’ve gathered:

**Different Types of Medals Awarded by the Society:**

*   **Aberconway Medal:** This medal acknowledges contributions towards geological and geographical understanding and particularly serves as an initial award given by the Society
*   **Bigsby Medal:** This medal recognizes significant contributions related towards geological understanding and has an emphasis on exploration and discovery
*   **Dewey Medal:** This medal can be awarded as an honour for achievements related towards understanding an environmental systems
*   **Distinguished Service Award:** This medal highlights an outstanding effort by someone who’s demonstrated leadership and dedication – often as an acknowledgement that their service has shaped scientific progress.
*   **Lyell Medal:** This medal recognizes contributions related towards establishing scientific knowledge related towards planetary science
*   **Major John Sacheverell A'Deane Coke Medal:** This medal recognises an outstanding contribution towards geological and geographical understanding
*   **Major Edward D'Ewes Fitzgerald Coke Medal:** This medal acknowledges an outstanding contribution towards geological and geographical understanding
*   **Murchison Medal:** This medal acknowledges an outstanding contribution towards geological understanding
*   **President’s Awards:** This medal reflects an achievement by scientists contributing toward an overall goal and system-wide knowledge understanding
*   **Prestwich Medal:** This medal recognizes an outstanding contribution towards an overall scientific endeavour
*   **Rs ==** This medal acknowledges an outstanding contribution towards scientific research

**How their values differ based on context:**

*   **Aberconway Medal:** The emphasis here focuses primarily on geological discoveries and geographical understanding – it’s about *finding* something new! The award's context suggests an acknowledgement that discoveries have significant implications.
*   **Lyell Medal:** The focus here emphasizes planetary science – an understanding and measurement system and an exploration system
*   **Distinguished Service Award:** While reflecting outstanding leadership and dedication – these medals often signify an effort aimed at *enhancing* or *preserving* something – be they an environment or scientific understanding
*   **Murchison Medal:** This medal recognizes geological exploration; there’s an emphasis on discovery and mapping
*   **President's Awards:** These awards tend toward an overall scientific goal – an improvement or enhancement as part of an overall understanding
*   **Prestwich Medal:** A medal recognizing an outstanding contribution towards an overall scientific endeavour – an aim towards creating an improved understanding.
*   **Rs ==** This medal recognizes an outstanding contribution towards scientific research – an acknowledgement that scientific understanding can be an integral part of an ongoing endeavour

Essentially, each medal's meaning shifts based on *what* they’re meant for – geological discoveries? Planetary science?  Or an overall goal?",dyn_avs_responses/avs_2p2p2_memorize.csv,./android_experiments/avs_2p2p2_memorize.csv,avs4p2,avs2p2p2,"Okay! Let's break down what different medals awarded by the Society have different purposes depending on how they’re used. The Society offers multiple medals reflecting various aspects of scientific advancement and service – here’s what I’ve gathered:

**Different Types of Medals Awarded by the Society:**

*   **Aberconway Medal:** This medal acknowledges contributions towards geological and geographical understanding and particularly serves as an initial award given by the Society
*   **Bigsby Medal:** This medal recognizes significant contributions related towards geological understanding and has an emphasis on exploration and discovery
*   **Dewey Medal:** This medal can be awarded as an honour for achievements related towards understanding an environmental systems
*   **Distinguished Service Award:** This medal highlights an outstanding effort by someone who’s demonstrated leadership and dedication – often as an acknowledgement that their service has shaped scientific progress.
*   **Lyell Medal:** This medal recognizes contributions related towards establishing scientific knowledge related towards planetary science
*   **Major John Sacheverell A'Deane Coke Medal:** This medal recognises an outstanding contribution towards geological and geographical understanding
*   **Major Edward D'Ewes Fitzgerald Coke Medal:** This medal acknowledges an outstanding contribution towards geological and geographical understanding
*   **Murchison Medal:** This medal acknowledges an outstanding contribution towards geological understanding
*   **President’s Awards:** This medal reflects an achievement by scientists contributing toward an overall goal and system-wide knowledge understanding
*   **Prestwich Medal:** This medal recognizes an outstanding contribution towards an overall scientific endeavour
*   **Rs ==** This medal acknowledges an outstanding contribution towards scientific research

**How their values differ based on context:**

*   **Aberconway Medal:** The emphasis here focuses primarily on geological discoveries and geographical understanding – it’s about *finding* something new! The award's context suggests an acknowledgement that discoveries have significant implications.
*   **Lyell Medal:** The focus here emphasizes planetary science – an understanding and measurement system and an exploration system
*   **Distinguished Service Award:** While reflecting outstanding leadership and dedication – these medals often signify an effort aimed at *enhancing* or *preserving* something – be they an environment or scientific understanding
*   **Murchison Medal:** This medal recognizes geological exploration; there’s an emphasis on discovery and mapping
*   **President's Awards:** These awards tend toward an overall scientific goal – an improvement or enhancement as part of an overall understanding
*   **Prestwich Medal:** A medal recognizing an outstanding contribution towards an overall scientific endeavour – an aim towards creating an improved understanding.
*   **Rs ==** This medal recognizes an outstanding contribution towards scientific research – an acknowledgement that scientific understanding can be an integral part of an ongoing endeavour

Essentially, each medal's meaning shifts based on *what* they’re meant for – geological discoveries? Planetary science?  Or an overall goal?","Okay! Let's break down what different medals awarded by the Society have different purposes depending on how they’re used. The Society offers multiple medals reflecting various aspects of scientific advancement and service – here’s what I’ve gathered:

**Different Types of Medals Awarded by the Society:**

*   **Aberconway Medal:** This medal acknowledges contributions towards geological and geographical understanding and particularly serves as an initial award given by the Society
*   **Bigsby Medal:** This medal recognizes significant contributions related towards geological understanding and has an emphasis on exploration and discovery
*   **Dewey Medal:** This medal can be awarded as an honour for achievements related towards understanding an environmental systems
*   **Distinguished Service Award:** This medal highlights an outstanding effort by someone who’s demonstrated leadership and dedication – often as an acknowledgement that their service has shaped scientific progress.
*   **Lyell Medal:** This medal recognizes contributions related towards establishing scientific knowledge related towards planetary science
*   **Major John Sacheverell A'Deane Coke Medal:** This medal recognises an outstanding contribution towards geological and geographical understanding
*   **Major Edward D'Ewes Fitzgerald Coke Medal:** This medal acknowledges an outstanding contribution towards geological and geographical understanding
*   **Murchison Medal:** This medal acknowledges an outstanding contribution towards geological understanding
*   **President’s Awards:** This medal reflects an achievement by scientists contributing toward an overall goal and system-wide knowledge understanding
*   **Prestwich Medal:** This medal recognizes an outstanding contribution towards an overall scientific endeavour
*   **Rs ==** This medal acknowledges an outstanding contribution towards scientific research

**How their values differ based on context:**

*   **Aberconway Medal:** The emphasis here focuses primarily on geological discoveries and geographical understanding – it’s about *finding* something new! The award's context suggests an acknowledgement that discoveries have significant implications.
*   **Lyell Medal:** The focus here emphasizes planetary science – an understanding and measurement system and an exploration system
*   **Distinguished Service Award:** While reflecting outstanding leadership and dedication – these medals often signify an effort aimed at *enhancing* or *preserving* something – be they an environment or scientific understanding
*   **Murchison Medal:** This medal recognizes geological exploration; there’s an emphasis on discovery and mapping
*   **President's Awards:** These awards tend toward an overall scientific goal – an improvement or enhancement as part of an overall understanding
*   **Prestwich Medal:** A medal recognizing an outstanding contribution towards an overall scientific endeavour – an aim towards creating an improved understanding.
*   **Rs ==** This medal recognizes an outstanding contribution towards scientific research – an acknowledgement that scientific understanding can be an integral part of an ongoing endeavour

Essentially, each medal's meaning shifts based on *what* they’re meant for – geological discoveries? Planetary science?  Or an overall goal?","

The Society awards several types of medals, each with a unique value based on the context provided. Here's a breakdown:

*   **Aberconway Medal:** Represents the highest honor and awarded for exceptional contributions to geological science.
*   **Bigsby Medal:** A prestigious award recognizing significant contributions to the study of the geology of Great Britain.
*   **Dewey Medal:** Recognizing excellence in geological fieldwork and observation.
*   **Distinguished Service Award:** Dedicated to honoring significant service to the Society.
*   **Lyell Medal:** Awarded for groundbreaking discoveries and research in geology, particularly related to the geology of Great Britain.
*   **Major John Sacheverell A'Deane Coke Medal:** Honors contributions to the field of geology, especially those related to the region of South Australia.
*   **Major Edward D'Ewes Fitzgerald Coke Medal:** Acknowledges exceptional achievements and contributions to geological knowledge.
*   **Murchison Medal:** Honors contributions to the study of geological formations and the geology of the South Atlantic.
*   **President's Awards:** These rewards celebrate the achievements of various contributors.
*   **Prestwich Medal:** Honors significant contributions to the field of geology, particularly in areas like","[""=== Medals awarded by the Society ===\nAberconway Medal\nBigsby Medal\nDewey Medal\nDistinguished Service Award\nLyell Medal\nMajor John Sacheverell A'Deane Coke Medal\nMajor Edward D'Ewes Fitzgerald Coke Medal\nMurchison Medal\nPresident's Awards\nPrestwich Medal\nR. H. Worth Award\nSue Tyler Friedman Medal\nWilliam Smith Medal\nWollaston Medal\n\n\n=== Funds administered by the Society ===\nLyell Fund\nMurchison Fund\nWollaston Fund\nWilliam Smith Fund\n\n\n== Bibliography ==\nHerries Davies, G.L. (2007) Whatever is Under the Earth: The Geological Society of London 1807 to 2007, London : Geological Society, ISBN 1-86239-214-5\n\n\n== See also ==\nGeology of Great Britain\nJournal of the Geological Society\nWilliam Smith (geologist)\n\n\n== References ==\n\n\n== External links ==\n\nThe Geological Society\nThe Lyell Collection\nGeological Society publications""]"
13,"Considering the bibliography provided, how does ""Whatever is Under the Earth: The Geological Society of London 1807 to 2007"" contribute to our understanding of the Society's history and impact over two centuries?",17,"Here’s how I’d answer your question based on what I’ve been learning:

“Whatever was Under the Earth: The Geological Society of London” provides an incredibly detailed account of the Society’s evolution over two centuries – starting back way back into its roots with William Smith! Firstly, it showcases its dedication as an oldest national geological society *in* Europe and demonstrates its longevity as the biggest one worldwide by highlighting its membership exceeding over one-and-a-half million fellows. This longevity itself underscores its commitment and established role within scientific communities across Britain and beyond. Secondly, by referencing various historical journals and books – specifically focusing on geological investigations – it highlights an understanding not only within their own ranks but an acknowledgement across many areas and professions who would provide an overall view. Ultimately, understanding its history provides context on its role and its influence over multiple disciplines and generations who have worked within or related with the Society as an institution dedicated by the Geological Society.",dyn_avs_responses/avs_4p2_memorize.csv,./android_experiments/avs_4p2_memorize.csv,17,"Here’s how I’d answer your question based on what I’ve been learning:

“Whatever was Under the Earth: The Geological Society of London” provides an incredibly detailed account of the Society’s evolution over two centuries – starting back way back into its roots with William Smith! Firstly, it showcases its dedication as an oldest national geological society *in* Europe and demonstrates its longevity as the biggest one worldwide by highlighting its membership exceeding over one-and-a-half million fellows. This longevity itself underscores its commitment and established role within scientific communities across Britain and beyond. Secondly, by referencing various historical journals and books – specifically focusing on geological investigations – it highlights an understanding not only within their own ranks but an acknowledgement across many areas and professions who would provide an overall view. Ultimately, understanding its history provides context on its role and its influence over multiple disciplines and generations who have worked within or related with the Society as an institution dedicated by the Geological Society.",dyn_avs_responses/avs_2p2p2_memorize.csv,./android_experiments/avs_2p2p2_memorize.csv,avs4p2,avs2p2p2,"Here’s how I’d answer your question based on what I’ve been learning:

“Whatever was Under the Earth: The Geological Society of London” provides an incredibly detailed account of the Society’s evolution over two centuries – starting back way back into its roots with William Smith! Firstly, it showcases its dedication as an oldest national geological society *in* Europe and demonstrates its longevity as the biggest one worldwide by highlighting its membership exceeding over one-and-a-half million fellows. This longevity itself underscores its commitment and established role within scientific communities across Britain and beyond. Secondly, by referencing various historical journals and books – specifically focusing on geological investigations – it highlights an understanding not only within their own ranks but an acknowledgement across many areas and professions who would provide an overall view. Ultimately, understanding its history provides context on its role and its influence over multiple disciplines and generations who have worked within or related with the Society as an institution dedicated by the Geological Society.","Here’s how I’d answer your question based on what I’ve been learning:

“Whatever was Under the Earth: The Geological Society of London” provides an incredibly detailed account of the Society’s evolution over two centuries – starting back way back into its roots with William Smith! Firstly, it showcases its dedication as an oldest national geological society *in* Europe and demonstrates its longevity as the biggest one worldwide by highlighting its membership exceeding over one-and-a-half million fellows. This longevity itself underscores its commitment and established role within scientific communities across Britain and beyond. Secondly, by referencing various historical journals and books – specifically focusing on geological investigations – it highlights an understanding not only within their own ranks but an acknowledgement across many areas and professions who would provide an overall view. Ultimately, understanding its history provides context on its role and its influence over multiple disciplines and generations who have worked within or related with the Society as an institution dedicated by the Geological Society.","The book ""Whatever is Under the Earth: The Geological Society of London 1807 to 2007,"" authored by G.L. Herries Davies, serves as a comprehensive historical account of the Geological Society of London from its inception in 1807 through to its bicentennial year in 2007. This work contributes significantly to our understanding of the Society's history and impact over two centuries in several ways:

1. **Historical Overview**: The book provides a detailed narrative of the Society’s development, capturing key events, milestones, and transformations that have occurred since its founding. By chronicling these developments, it offers insights into how the Society has evolved to meet changing scientific needs and societal demands.

2. **Influence on Geology**: It highlights the Society's role in advancing geological science, both within Great Britain and internationally. The book likely discusses influential members, groundbreaking research, and pivotal discoveries that have been facilitated by the Society’s platform and resources.

3. **Medals and Awards**: By detailing the various medals and awards administered by the Society (such as the Aberconway Medal, Murchison Medal, etc.), the book underscores how these recognitions have contributed to motivating and acknowledging excellence in geological research and service.

4. **Funds and Resources**: The work also sheds light on the funds managed by the Society (like the Lyell Fund, Murchison Fund), illustrating their importance in supporting geological research and education over the years.

5. **Cultural and Scientific Impact**: Through its exploration of the Society’s activities, publications, and collaborations, the book likely reflects on how the Geological Society has influenced both the scientific community and broader cultural understandings of geology.

6. **Commemorative Perspective**: As a bicentennial publication, it serves as a reflective piece that not only commemorates the Society's past achievements but also sets a context for its future endeavors in geological science.

Overall, ""Whatever is Under the Earth"" provides an invaluable resource for understanding the historical significance and enduring impact of the Geological Society of London over two centuries.","[""=== Medals awarded by the Society ===\nAberconway Medal\nBigsby Medal\nDewey Medal\nDistinguished Service Award\nLyell Medal\nMajor John Sacheverell A'Deane Coke Medal\nMajor Edward D'Ewes Fitzgerald Coke Medal\nMurchison Medal\nPresident's Awards\nPrestwich Medal\nR. H. Worth Award\nSue Tyler Friedman Medal\nWilliam Smith Medal\nWollaston Medal\n\n\n=== Funds administered by the Society ===\nLyell Fund\nMurchison Fund\nWollaston Fund\nWilliam Smith Fund\n\n\n== Bibliography ==\nHerries Davies, G.L. (2007) Whatever is Under the Earth: The Geological Society of London 1807 to 2007, London : Geological Society, ISBN 1-86239-214-5\n\n\n== See also ==\nGeology of Great Britain\nJournal of the Geological Society\nWilliam Smith (geologist)\n\n\n== References ==\n\n\n== External links ==\n\nThe Geological Society\nThe Lyell Collection\nGeological Society publications""]"
14,"What is the primary reason for Charles Darwin's intense interest in evolution during the 1870s, as highlighted in the text?",7,"The primary reason Charles Darwin’s intense interest in evolution during the 1870s stemmed from his keen observation about similar similarities between Darwin’s thoughts and those of the popular natural history theories that were greeted by less controversy than had greeted evolution itself. He scrutinized scientific responses seeking precedent, prompting him not just to publish his journal but establishing precedence as an authority on this subject..",dyn_avs_responses/avs_4p2_memorize.csv,./android_experiments/avs_4p2_memorize.csv,7,"The primary reason Charles Darwin’s intense interest in evolution during the 1870s stemmed from his keen observation about similar similarities between Darwin’s thoughts and those of the popular natural history theories that were greeted by less controversy than had greeted evolution itself. He scrutinized scientific responses seeking precedent, prompting him not just to publish his journal but establishing precedence as an authority on this subject..",dyn_avs_responses/avs_2p2p2_memorize.csv,./android_experiments/avs_2p2p2_memorize.csv,avs4p2,avs2p2p2,"The primary reason Charles Darwin’s intense interest in evolution during the 1870s stemmed from his keen observation about similar similarities between Darwin’s thoughts and those of the popular natural history theories that were greeted by less controversy than had greeted evolution itself. He scrutinized scientific responses seeking precedent, prompting him not just to publish his journal but establishing precedence as an authority on this subject..","The primary reason Charles Darwin’s intense interest in evolution during the 1870s stemmed from his keen observation about similar similarities between Darwin’s thoughts and those of the popular natural history theories that were greeted by less controversy than had greeted evolution itself. He scrutinized scientific responses seeking precedent, prompting him not just to publish his journal but establishing precedence as an authority on this subject..","
The primary reason for Charles Darwin's intense interest in evolution during the 1870s is that he was determined to trace the evolution of vertebrates from fish all the way through humans, as outlined in his speech before the American Association for the Advancement of Science, and he printed this work in its entirety. 

","['In 1877, Marsh delivered a very influential speech before the annual meeting of the American Association for the Advancement of Science, providing a demonstrative argument for evolution.  For the first time, Marsh traced the evolution of vertebrates from fish all the way through humans.  Sparing no detail, he listed a wealth of fossil examples of past life forms.  The significance of this speech was immediately recognized by the scientific community, and it was printed in its entirety in several scientific journals.\n\n\n=== Descent of Man, sexual selection, and botany ===\n\nDespite repeated bouts of illness during the last twenty-two years of his life, Darwin\'s work continued. Having published On the Origin of Species as an abstract of his theory, he pressed on with experiments, research, and writing of his ""big book"". He covered human descent from earlier animals, including the evolution of society and of mental abilities, as well as explaining decorative beauty in wildlife and diversifying into innovative plant studies.\nEnquiries about insect pollination led in 1861 to novel studies of wild orchids, showing adaptation of their flowers to attract specific moths to each species and ensure cross fertilisation. In 1862, Fertilisation of Orchids gave his first detailed demonstration of the power of natural selection to explain complex ecological relationships, making testable predictions. As his health declined, he lay on his sickbed in a room filled with inventive experiments to trace the movements of climbing plants. Admiring visitors included Ernst Haeckel, a zealous proponent of Darwinism incorporating Lamarckism and Goethe\'s idealism. Wallace remained supportive, though he increasingly turned to Spiritualism.\nDarwin\'s book The Variation of Animals and Plants Under Domestication (1868) was the first part of his planned ""big book"", and included his unsuccessful hypothesis of pangenesis attempting to explain heredity. It sold briskly at first, despite its size, and was translated into many languages. He wrote most of a second part, on natural selection, but it remained unpublished in his lifetime.\nLyell had already popularised human prehistory, and Huxley had shown that anatomically humans are apes. With The Descent of Man, and Selection in Relation to Sex published in 1871, Darwin set out evidence from numerous sources that humans are animals, showing continuity of physical and mental attributes, and presented sexual selection to explain impractical animal features such as the peacock\'s plumage as well as human evolution of culture, differences between sexes, and physical and cultural racial classification, while emphasising that humans are all one species. According to an editorial in Nature journal: ""Although Charles Darwin opposed slavery and proposed that humans have a common ancestor, he also advocated a hierarchy of races, with white people higher than others.""\n\nHis research using images was expanded in his 1872 book The Expression of the Emotions in Man and Animals, one of the first books to feature printed photographs, which discussed the evolution of human psychology and its continuity with the behaviour of animals. Both books proved very popular, and Darwin was impressed by the general assent with which his views had been received, remarking that ""everybody is talking about it without being shocked."" His conclusion was ""that man with all his noble qualities, with sympathy which feels for the most debased, with benevolence which extends not only to other men but to the humblest living creature, with his god-like intellect which has penetrated into the movements and constitution of the solar system – with all these exalted powers – Man still bears in his bodily frame the indelible stamp of his lowly origin.""\nHis evolution-related experiments and investigations led to books on Insectivorous Plants, The Effects of Cross and Self Fertilisation in the Vegetable Kingdom, different forms of flowers on plants of the same species, and The Power of Movement in Plants. He continued to collect information and exchange views from scientific correspondents all over the world, including Mary Treat, whom he encouraged to persevere in her scientific work. He was the first person to recognise the significance of carnivory in plants. His botanical work[IX] was interpreted and popularised by various writers including Grant Allen and H. G. Wells, and helped transform plant science in the late 19th century and early 20th century.']"
15,"Why was the nave constructed over the course of centuries, and what was the initial impact of the building process?",11,"Here’s why the nave was constructed over centuries:

*   **Historical Origins:** The nave was built over centuries with an original design rooted deep into the past – spanning at least centuries from east-to-west and generations of builders stuck at their original design.
*   **Impact:** This construction created an unified style as markers of an extensive gap between buildings were seen across the region. Rheims Cathedral was an exception; they were painted with bright colors and gilded piers were left unpainted as an example demonstrating their earlier design as well as an example for preservation purposes

Let’s hope this helps!",dyn_avs_responses/avs_4p2_memorize.csv,./android_experiments/avs_4p2_memorize.csv,10,"Here’s why the nave was constructed over centuries:

*   **Historical Origins:** The nave was built over centuries with an original design rooted deep into the past – spanning at least centuries from east-to-west and generations of builders stuck at their original design.
*   **Impact:** This construction created an unified style as markers of an extensive gap between buildings were seen across the region. Rheims Cathedral was an exception; they were painted with bright colors and gilded piers were left unpainted as an example demonstrating their earlier design as well as an example for preservation purposes

Let’s hope this helps!",dyn_avs_responses/avs_2p2p2_memorize.csv,./android_experiments/avs_2p2p2_memorize.csv,avs4p2,avs2p2p2,"Here’s why the nave was constructed over centuries:

*   **Historical Origins:** The nave was built over centuries with an original design rooted deep into the past – spanning at least centuries from east-to-west and generations of builders stuck at their original design.
*   **Impact:** This construction created an unified style as markers of an extensive gap between buildings were seen across the region. Rheims Cathedral was an exception; they were painted with bright colors and gilded piers were left unpainted as an example demonstrating their earlier design as well as an example for preservation purposes

Let’s hope this helps!","Here’s why the nave was constructed over centuries:

*   **Historical Origins:** The nave was built over centuries with an original design rooted deep into the past – spanning at least centuries from east-to-west and generations of builders stuck at their original design.
*   **Impact:** This construction created an unified style as markers of an extensive gap between buildings were seen across the region. Rheims Cathedral was an exception; they were painted with bright colors and gilded piers were left unpainted as an example demonstrating their earlier design as well as an example for preservation purposes

Let’s hope this helps!","
The nave was constructed over the course of centuries from the east to the west end, and the original design has a unified style. The builders stuck to the original design, and it has a unified style. The construction spanned from the east to the west end, and generations of builders stuck to the original design. 
The initial impact of the building process was that the nave was built over centuries and then there is a unified style in the design.
The provided text indicates that it wasn't just a random construction but a deliberate and consistent effort to build the church around an existing structure. 

Further, the text mentions the long gap in building between 1269 and 1376, suggesting that the design was fundamentally established before the construction began. 

The provided text implies that the initial construction was a deliberate and ongoing effort to establish the church and maintain a consistent design, rather than a haphazard effort.","[""The 13th-century interior would have been painted in bright colours and gilded, although the piers would have been left unpainted.\nAlthough the nave was built over the course of centuries from the east to the west end, generations of builders stuck to the original design and it has a unified style. Markers of the long gap in building between 1269 and 1376 are relatively minor, but can be seen at the fifth bay from the crossing. The spandrels above the arches towards the earlier east end are decorated with diaper-work, and are plain towards the (later) west end. The lancet windows on the earlier side have a foiled circle, and have an unencircled quatrefoil on the later side; the shields on the aisle walls are carved on the earlier side, and painted on the later side. Above the crossing, in the centre of the church, is a roof lantern which was destroyed by a bomb in 1941 and restored by architect Stephen Dykes Bower in 1958. In the choir aisles, shields of donors to the 13th- and 14th-century rebuilding are carved and painted in the spandrels of the arcade. At the eastern end of the nave is a large screen separating the nave from the choir, made of 13th-century stone, reworked by Edward Blore in 1834, and with paintwork and gilding by Bower in the 1960s.\n\nBehind the main altar is the shrine and tomb of Edward the Confessor. Saints' shrines were once common in English medieval churches, but most were destroyed during the English Reformation and Edward is the only major English saint whose body still occupies his shrine. Arranged around him in a horseshoe shape are a series of tombs of medieval kings and their queens: Henry III, Eleanor of Castile, Edward I, Philippa of Hainault, Edward III, Anne of Bohemia, and Richard II. Henry V is in the centre of the horseshoe, at the eastern end. Henry III's tomb was originally covered with pieces of coloured glass and stone, since picked off by generations of tourists. Above Henry V's tomb, at mezzanine level over the ambulatory, is a chantry chapel built by mason John Thirske and decorated with many sculpted figures (including Henry V riding a horse and being crowned in the abbey). At the western end, the shrine is separated from the main church by a stone reredos which makes it a semi-private space. The reredos depicts episodes from Edward's life, including his birth and the building of the abbey. The shrine is closed to the public, except for special events.\nThe abbey includes side chapels radiating from the ambulatory. Many were originally included in the 13th-century rebuilding as altars dedicated to individual saints, and many of the chapels still bear saints' names (such as St Nicholas and St Paul). Saints' cults were no longer orthodox after the English Reformation, and the chapels were repurposed as places for extra burials and monuments. In the north ambulatory are the Islip Chapel, the Nurses' Memorial Chapel (sometimes called the Nightingale Chapel), the Chapel of Our Lady of the Pew, the Chapel of St John the Baptist, and St Paul's Chapel. The Islip Chapel is named after Abbot John Islip, who commissioned it in the 16th century. The screen inside is decorated with a visual pun on his name: an eye and a boy falling from a tree (eye-slip). Additional chapels in the eastern aisle of the north transept are named after (from south to north) St John the Evangelist, St Michael, and St Andrew. The chapels of St Nicholas, St Edmund, and St Benedict are in the south ambulatory.\nThe footprint of the south transept is smaller than the northern one because the 13th-century builders butted against the pre-existing 11th-century cloisters. To make the transepts match, the south transept overhangs the western cloister; this permitted a room above the cloisters which was used to store the abbey muniments. In the south transept is the chapel of St Faith, built c.\u20091250 as the vestry for the abbey's monks. On the east wall is a c.\u20091290 – c.\u20091310 painting of St Faith holding the grid-iron on which she was roasted to death.""]"
16,How did Darwin's voyage on HMS Beagle influence his development of his theory of natural selection?,12,Darwin’s voyage on HMS Beagle profoundly influenced his development of his theory of natural selection because it led him directly into observing and recording evidence *against* evolution by chance – specifically an argument about design. He gathered evidence illustrating adaptation *within* species that could be explained by natural processes like inheritance of variation and selection by natural forces. By meticulously documenting these observations he provided compelling evidence that suggested an *adaptation* driven by evolutionary change – which was in direct contradiction with traditional beliefs about creation *ex nihilo* (from nothing). Ultimately his journey shaped his understanding that life evolved over time through gradual changes within populations rather than by an intelligent designer acting at an origin.,dyn_avs_responses/avs_4p2_memorize.csv,./android_experiments/avs_4p2_memorize.csv,11,Darwin’s voyage on HMS Beagle profoundly influenced his development of his theory of natural selection because it led him directly into observing and recording evidence *against* evolution by chance – specifically an argument about design. He gathered evidence illustrating adaptation *within* species that could be explained by natural processes like inheritance of variation and selection by natural forces. By meticulously documenting these observations he provided compelling evidence that suggested an *adaptation* driven by evolutionary change – which was in direct contradiction with traditional beliefs about creation *ex nihilo* (from nothing). Ultimately his journey shaped his understanding that life evolved over time through gradual changes within populations rather than by an intelligent designer acting at an origin.,dyn_avs_responses/avs_2p2p2_memorize.csv,./android_experiments/avs_2p2p2_memorize.csv,avs4p2,avs2p2p2,Darwin’s voyage on HMS Beagle profoundly influenced his development of his theory of natural selection because it led him directly into observing and recording evidence *against* evolution by chance – specifically an argument about design. He gathered evidence illustrating adaptation *within* species that could be explained by natural processes like inheritance of variation and selection by natural forces. By meticulously documenting these observations he provided compelling evidence that suggested an *adaptation* driven by evolutionary change – which was in direct contradiction with traditional beliefs about creation *ex nihilo* (from nothing). Ultimately his journey shaped his understanding that life evolved over time through gradual changes within populations rather than by an intelligent designer acting at an origin.,Darwin’s voyage on HMS Beagle profoundly influenced his development of his theory of natural selection because it led him directly into observing and recording evidence *against* evolution by chance – specifically an argument about design. He gathered evidence illustrating adaptation *within* species that could be explained by natural processes like inheritance of variation and selection by natural forces. By meticulously documenting these observations he provided compelling evidence that suggested an *adaptation* driven by evolutionary change – which was in direct contradiction with traditional beliefs about creation *ex nihilo* (from nothing). Ultimately his journey shaped his understanding that life evolved over time through gradual changes within populations rather than by an intelligent designer acting at an origin.,"
Darwin's five-year voyage on HMS Beagle from 1831 to 1836 significantly influenced his development of his theory of natural selection. His observations and theories during the voyage, particularly his study of geographical distribution of wildlife and fossils, spurred him to start detailed investigations and, in 1838, to devise his theory of natural selection.
---------------------
","[""Charles Robert Darwin ( DAR-win; 12 February 1809 – 19 April 1882) was an English naturalist, geologist, and biologist, widely known for his contributions to evolutionary biology. His proposition that all species of life have descended from a common ancestor is now generally accepted and considered a fundamental scientific concept. In a joint presentation with Alfred Russel Wallace, he introduced his scientific theory that this branching pattern of evolution resulted from a process he called natural selection, in which the struggle for existence has a similar effect to the artificial selection involved in selective breeding. Darwin has been described as one of the most influential figures in human history and was honoured by burial in Westminster Abbey.\nDarwin's early interest in nature led him to neglect his medical education at the University of Edinburgh; instead, he helped to investigate marine invertebrates. His studies at the University of Cambridge's Christ's College from 1828 to 1831 encouraged his passion for natural science. However, it was his five-year voyage on HMS Beagle from 1831 to 1836 that truly established Darwin as an eminent geologist. The observations and theories he developed during his voyage supported Charles Lyell's concept of gradual geological change. Publication of his journal of the voyage made Darwin famous as a popular author.\nPuzzled by the geographical distribution of wildlife and fossils he collected on the voyage, Darwin began detailed investigations and, in 1838, devised his theory of natural selection. Although he discussed his ideas with several naturalists, he needed time for extensive research, and his geological work had priority. He was writing up his theory in 1858 when Alfred Russel Wallace sent him an essay that described the same idea, prompting the immediate joint submission of both their theories to the Linnean Society of London. Darwin's work established evolutionary descent with modification as the dominant scientific explanation of natural diversification. In 1871, he examined human evolution and sexual selection in The Descent of Man, and Selection in Relation to Sex, followed by The Expression of the Emotions in Man and Animals (1872). His research on plants was published in a series of books, and in his final book, The Formation of Vegetable Mould, through the Actions of Worms (1881), he examined earthworms and their effect on soil.\nDarwin published his theory of evolution with compelling evidence in his 1859 book On the Origin of Species. By the 1870s, the scientific community and a majority of the educated public had accepted evolution as a fact. However, many initially favoured  competing explanations that gave only a minor role to natural selection, and it was not until the emergence of the modern evolutionary synthesis from the 1930s to the 1950s that a broad consensus developed in which natural selection was the basic mechanism of evolution. Darwin's scientific discovery is the unifying theory of the life sciences, explaining the diversity of life.\n\n\n== Biography ==""]"
17,"What are the main functions of Westminster Abbey, as highlighted in the provided text?",7,"Westminster Abbey’s main functions as highlighted in the provided text include:

*   Singing for daily services
*   Playing central role in many state occasions
*   The abbey has strong connections with royal family
*   It has been patronised by monarchs
*   It was The location for coronations
*   Royal weddings and funerals
*   several monarchs have more than 260 years

",dyn_avs_responses/avs_4p2_memorize.csv,./android_experiments/avs_4p2_memorize.csv,7,"Westminster Abbey’s main functions as highlighted in the provided text include:

*   Singing for daily services
*   Playing central role in many state occasions
*   The abbey has strong connections with royal family
*   It has been patronised by monarchs
*   It was The location for coronations
*   Royal weddings and funerals
*   several monarchs have more than 260 years

",dyn_avs_responses/avs_2p2p2_memorize.csv,./android_experiments/avs_2p2p2_memorize.csv,avs4p2,avs2p2p2,"Westminster Abbey’s main functions as highlighted in the provided text include:

*   Singing for daily services
*   Playing central role in many state occasions
*   The abbey has strong connections with royal family
*   It has been patronised by monarchs
*   It was The location for coronations
*   Royal weddings and funerals
*   several monarchs have more than 260 years

","Westminster Abbey’s main functions as highlighted in the provided text include:

*   Singing for daily services
*   Playing central role in many state occasions
*   The abbey has strong connections with royal family
*   It has been patronised by monarchs
*   It was The location for coronations
*   Royal weddings and funerals
*   several monarchs have more than 260 years

","
Westminster Abbey is a collegiate church governed by the Dean and Chapter of Westminster as established by a royal charter from Elizabeth I dated 21 May 1560, which created it as the Collegiate Church of St Peter Westminster (a royal peculiar). In 2019, David Hoyle was appointed Dean of Westminster. The chapter consists of four canons and a senior administrative officer, known as the Receiver General. One of the canons is also rector of the adjoining St Margaret’s Church, Westminster, and is often the chaplain of the Speaker of the House of Commons. In addition to the dean and canons, there are minor canons. Six King’s (or Queen’s) almsmen and women are supported by the abbey. They are appointed by royal warrant on the recommendation of the dean and the Home Secretary, attend Matins and Evensong on Sundays, and perform requested duties for a small stipend. On duty, they wear a distinctive red gown with a crowned rose badge on the left shoulder. The almshouse was founded near the abbey by Henry VII in 1502, and the twelve almsmen and three almswomen were originally minor court officials who were retired due to age or disability.
","[""=== Weddings ===\nAt least 16 royal weddings have taken place at the abbey. Royal weddings at the abbey were relatively rare before the 20th century, with royals often married in a Chapel Royal or at Windsor Castle; this changed with the 1922 wedding of Princess Mary at the abbey. In 1923, Lady Elizabeth Bowes-Lyon became the first royal bride to leave her bouquet on the grave of the Unknown Warrior, a practice continued by many royal brides since.\n\nRoyal weddings have included:\n\n\n=== Funerals ===\nMany royal funerals took place at the abbey between that of Edward the Confessor in 1066 and that of Prince Henry, the last royal buried in the church, in 1790. There were no royal funerals at the abbey from then until that of Queen Alexandra in 1925; the queen was buried in Windsor Castle. Other queen consorts, such as Mary of Teck in 1953 and Queen Elizabeth The Queen Mother in 2002, have also had funerals at the abbey before being buried elsewhere.\nOn 6 September 1997, the ceremonial funeral of Diana, Princess of Wales was held at the abbey. Before the funeral, the railings of the abbey were swamped with flowers and tributes. The event was more widely seen than any previous occasion in the abbey's history, with 2 billion television viewers worldwide. Diana was buried privately on a private island at Althorp, her family estate.\nOn 19 September 2022, the state funeral of Elizabeth II took place at the abbey before her burial at St George's Chapel, Windsor. It was the first funeral of a monarch at Westminster Abbey for more than 260 years.\n\n\n== People ==\n\n\n=== Dean and Chapter ===\n\nWestminster Abbey is a collegiate church governed by the Dean and Chapter of Westminster as established by a royal charter from Elizabeth I dated 21 May 1560, which created it as the Collegiate Church of St Peter Westminster (a royal peculiar). In 2019, David Hoyle was appointed Dean of Westminster. The chapter consists of four canons and a senior administrative officer, known as the Receiver General. One of the canons is also rector of the adjoining St Margaret's Church, Westminster, and is often the chaplain of the Speaker of the House of Commons. In addition to the dean and canons, there are minor canons.\n\n\n=== King's almsmen ===\nSix King's (or Queen's) almsmen and women are supported by the abbey. They are appointed by royal warrant on the recommendation of the dean and the Home Secretary, attend Matins and Evensong on Sundays, and perform requested duties for a small stipend. On duty, they wear a distinctive red gown with a crowned rose badge on the left shoulder.\nThe almshouse was founded near the abbey by Henry VII in 1502, and the twelve almsmen and three almswomen were originally minor court officials who were retired due to age or disability. They were required to be over the age of 50, single, with a good reputation, literate, able to look after themselves, and with an income of under £4 per year. The building survived the Dissolution of the Monasteries, but was demolished for road-widening in 1779. From the late 18th to the late 20th century, almsmen were usually old soldiers and sailors; today, they are primarily retired abbey employees.\n\n\n=== Schools ===\n\nWestminster School is in the abbey. Instruction has taken place since the 14th century with the monks of the abbey; the school regards its founder as Elizabeth I, who dissolved the monastery for the last time and provided for the establishment of the school, the dean, canons, assistant clergy, and lay officers. The schoolboys were rambunctious; Westminster boys have defaced the Coronation Chair, disrupted services, and once interrupted the consecration of four bishops with a bare-knuckle fight in the cloisters. One schoolboy carved on the Coronation Chair that he had slept in it overnight, making him probably its longest inhabitant. Westminster School became independent of the abbey Dean and Chapter in 1868, although the institutions remain closely connected. Westminster Abbey Choir School, also on the abbey grounds, educates the choirboys who sing for abbey services.""]"
18,How did the pressures of the Victorian era influence Darwin's work and his well-being?,12,"The Victorian era had immense pressures on Darwin’s work and his health. His health suffered due largely because he faced immense pressure. This pressure came as a result of his work and an unusual ailment that was not well understood by doctors at that time – an uncomfortable palpitation of his heart. Darwin worked under pressure due primarily because he was attempting an extensive study by observing an indigenous culture's detailed ecological knowledge, which ultimately led him down an obscure path which was to be understood by European colonisation and ultimately led him towards an understanding that his European colonial endeavors would often be detrimental to his health. This pressure ultimately contributed greatly to Darwin’s health problems as well as his failure
to truly grasp ecological knowledge.",dyn_avs_responses/avs_4p2_memorize.csv,./android_experiments/avs_4p2_memorize.csv,12,"The Victorian era had immense pressures on Darwin’s work and his health. His health suffered due largely because he faced immense pressure. This pressure came as a result of his work and an unusual ailment that was not well understood by doctors at that time – an uncomfortable palpitation of his heart. Darwin worked under pressure due primarily because he was attempting an extensive study by observing an indigenous culture's detailed ecological knowledge, which ultimately led him down an obscure path which was to be understood by European colonisation and ultimately led him towards an understanding that his European colonial endeavors would often be detrimental to his health. This pressure ultimately contributed greatly to Darwin’s health problems as well as his failure
to truly grasp ecological knowledge.",dyn_avs_responses/avs_2p2p2_memorize.csv,./android_experiments/avs_2p2p2_memorize.csv,avs4p2,avs2p2p2,"The Victorian era had immense pressures on Darwin’s work and his health. His health suffered due largely because he faced immense pressure. This pressure came as a result of his work and an unusual ailment that was not well understood by doctors at that time – an uncomfortable palpitation of his heart. Darwin worked under pressure due primarily because he was attempting an extensive study by observing an indigenous culture's detailed ecological knowledge, which ultimately led him down an obscure path which was to be understood by European colonisation and ultimately led him towards an understanding that his European colonial endeavors would often be detrimental to his health. This pressure ultimately contributed greatly to Darwin’s health problems as well as his failure
to truly grasp ecological knowledge.","The Victorian era had immense pressures on Darwin’s work and his health. His health suffered due largely because he faced immense pressure. This pressure came as a result of his work and an unusual ailment that was not well understood by doctors at that time – an uncomfortable palpitation of his heart. Darwin worked under pressure due primarily because he was attempting an extensive study by observing an indigenous culture's detailed ecological knowledge, which ultimately led him down an obscure path which was to be understood by European colonisation and ultimately led him towards an understanding that his European colonial endeavors would often be detrimental to his health. This pressure ultimately contributed greatly to Darwin’s health problems as well as his failure
to truly grasp ecological knowledge.","
The pressures of the Victorian era profoundly influenced Darwin's work and his well-being. Specifically, the intense focus on transmutation, coupled with financial pressures, demanding work hours, and the expectation to produce extensive research, created immense stress. His health suffered, leading to multiple episodes of illness and digestive problems. Furthermore, the demands of the era – such as the need for financial stability and the expectation of producing a legacy – exacerbated his anxieties. The social pressures around marriage, and the lack of immediate success in securing a stable partnership, added to his emotional turmoil, as did the need to maintain a public profile.
```
","['=== Overwork, illness, and marriage ===\n\nWhile developing this intensive study of transmutation, Darwin became mired in more work. Still rewriting his Journal, he took on editing and publishing the expert reports on his collections, and with Henslow\'s help obtained a Treasury grant of £1,000 to sponsor this multi-volume Zoology of the Voyage of H.M.S. Beagle, a sum equivalent to about £115,000 in 2021. He stretched the funding to include his planned books on geology, and agreed to unrealistic dates with the publisher. As the Victorian era began, Darwin pressed on with writing his Journal, and in August 1837 began correcting printer\'s proofs.\nAs Darwin worked under pressure, his health suffered. On 20 September, he had ""an uncomfortable palpitation of the heart"", so his doctors urged him to ""knock off all work"" and live in the country for a few weeks. After visiting Shrewsbury, he joined his Wedgwood relatives at Maer Hall, Staffordshire, but found them too eager for tales of his travels to give him much rest. His charming, intelligent, and cultured cousin Emma Wedgwood, nine months older than Darwin, was nursing his invalid aunt. His uncle Josiah pointed out an area of ground where cinders had disappeared under loam and suggested that this might have been the work of earthworms, inspiring ""a new & important theory"" on their role in soil formation, which Darwin presented at the Geological Society on 1 November 1837. His Journal was printed and ready for publication by the end of February 1838, as was the first volume of the Narrative, but FitzRoy was still working hard to finish his own volume.\nWilliam Whewell pushed Darwin to take on the duties of Secretary of the Geological Society. After initially declining the work, he accepted the post in March 1838. Despite the grind of writing and editing the Beagle reports, Darwin made remarkable progress on transmutation, taking every opportunity to question expert naturalists and, unconventionally, people with practical experience in selective breeding such as farmers and pigeon fanciers. Over time, his research drew on information from his relatives and children, the family butler, neighbours, colonists and former shipmates. He included mankind in his speculations from the outset, and on seeing an orangutan in the zoo on 28 March 1838 noted its childlike behaviour.\nThe strain took a toll, and by June he was being laid up for days on end with stomach problems, headaches and heart symptoms. For the rest of his life, he was repeatedly incapacitated with episodes of stomach pains, vomiting, severe boils, palpitations, trembling and other symptoms, particularly during times of stress, such as attending meetings or making social visits. The cause of Darwin\'s illness remained unknown, and attempts at treatment had only ephemeral success.\nOn 23 June, he took a break and went ""geologising"" in Scotland. He visited Glen Roy in glorious weather to see the parallel ""roads"" cut into the hillsides at three heights. He later published his view that these were marine-raised beaches, but then had to accept that they were shorelines of a proglacial lake.\n\nFully recuperated, he returned to Shrewsbury in July 1838. Used to jotting down daily notes on animal breeding, he scrawled rambling thoughts about marriage, career and prospects on two scraps of paper, one with columns headed ""Marry"" and ""Not Marry"". Advantages under ""Marry"" included ""constant companion and a friend in old age ... better than a dog anyhow"", against points such as ""less money for books"" and ""terrible loss of time"". Having decided in favour of marriage, he discussed it with his father, then went to visit his cousin Emma on 29 July. At this time he did not get around to proposing, but against his father\'s advice, he mentioned his ideas on transmutation.\nHe married Emma on 29 January 1839 and they were the parents of ten children, seven of whom survived to adulthood.']"
19,What was the major cleaning and restoration program carried out on the Cosmati pavement?,3,"The major cleaning and restoration program carried out on the Cosmati pavement was undertaken by Pope Benedict XVI with an effort towards constructing the Corona.
",dyn_avs_responses/avs_4p2_memorize.csv,./android_experiments/avs_4p2_memorize.csv,3,"The major cleaning and restoration program carried out on the Cosmati pavement was undertaken by Pope Benedict XVI with an effort towards constructing the Corona.
",dyn_avs_responses/avs_2p2p2_memorize.csv,./android_experiments/avs_2p2p2_memorize.csv,avs4p2,avs2p2p2,"The major cleaning and restoration program carried out on the Cosmati pavement was undertaken by Pope Benedict XVI with an effort towards constructing the Corona.
","The major cleaning and restoration program carried out on the Cosmati pavement was undertaken by Pope Benedict XVI with an effort towards constructing the Corona.
","
The Cosmati pavement underwent a major cleaning and restoration program for two years, beginning in 2008.
","['=== 21st century ===\n\nIn June 2009, the first major building work in 250 years was proposed. A corona – a crown-like architectural feature – was suggested to be built around the lantern over the central crossing, replacing an existing pyramidal structure dating from the 1950s. This was part of a wider £23-million development of the abbey completed in 2013. On 4 August 2010, the Dean and Chapter announced that, ""after a considerable amount of preliminary and exploratory work"", efforts toward the construction of a corona would not be continued.\nThe Cosmati pavement underwent a major cleaning and restoration programme for two years, beginning in 2008. On 17 September 2010, Pope Benedict XVI became the first pope to set foot in the abbey when he participated in a service of evening prayer with archbishop of Canterbury Rowan Williams. On 29 April 2011, the abbey hosted the wedding of Prince William and Catherine Middleton.\nIn 2018, the Queen\'s Diamond Jubilee Galleries were opened. Located in the medieval triforium, high up around the sanctuary, they are areas for displaying the abbey\'s treasures. A new Gothic access tower with a lift was designed by the abbey architect and Surveyor of the Fabric, Ptolemy Dean.\nIn 2020, a 13th-century sacristy was uncovered in the grounds of the abbey as part of an archaeological excavation. The sacristy was used by the monks of the abbey to store objects used in Mass, such as vestments and chalices. Also on the site were hundreds of buried bodies, mostly of abbey monks. On 10 March 2021, a vaccination centre opened in Poets\' Corner to administer doses of COVID-19 vaccines.']"
20,How did John Leland’s description of the chapel influence the design of the chapel?,4,John Leland’s description of the chapel profoundly influenced its design by inspiring an English poet's idea about the nature of God's creation through geometric designs such as those found within its pavement and reflecting medieval Christian ideas on the universe.,dyn_avs_responses/avs_4p2_memorize.csv,./android_experiments/avs_4p2_memorize.csv,5,John Leland’s description of the chapel profoundly influenced its design by inspiring an English poet's idea about the nature of God's creation through geometric designs such as those found within its pavement and reflecting medieval Christian ideas on the universe.,dyn_avs_responses/avs_2p2p2_memorize.csv,./android_experiments/avs_2p2p2_memorize.csv,avs4p2,avs2p2p2,John Leland’s description of the chapel profoundly influenced its design by inspiring an English poet's idea about the nature of God's creation through geometric designs such as those found within its pavement and reflecting medieval Christian ideas on the universe.,John Leland’s description of the chapel profoundly influenced its design by inspiring an English poet's idea about the nature of God's creation through geometric designs such as those found within its pavement and reflecting medieval Christian ideas on the universe.,"
John Leland's description of the Henry VII Lady Chapel, specifically its pendant- and fan vault-style ceiling, inspired him to call it the orbis miraculum (the wonder of the world). The ceiling's design, incorporating 95 statues of saints and a cobweb-like appearance, influenced the chapel’s aesthetic and design.

","['=== Henry VII Chapel ===\n\nThe Henry VII Lady Chapel, also known simply as the Henry VII Chapel, is a large lady chapel at the far eastern end of the abbey which was paid for by the will of King Henry VII. The chapel, built in late Perpendicular Gothic style, inspired English poet John Leland to call it the orbis miraculum (the wonder of the world). The tombs of several monarchs, including Edward V, Henry VII, Edward VI, Mary I, Elizabeth I, James I, Charles II, George II and Mary, Queen of Scots, are in the chapel.\nIt is noted for its pendant- and fan vault-style ceiling, probably designed by William Vertue, which writer Washington Irving said was ""achieved with the wonderful minuteness and airy security of a cobweb"". The ceiling is not a true fan vault, but a groin vault disguised as a fan vault. The interior walls are densely decorated with carvings, including 95 statues of saints. Many statues of saints in England were destroyed in the 17th century, so these are rare survivors. Like much of the rest of the medieval building, they would originally have been painted and gilded. From outside, The chapel walls are supported from outside by flying buttresses, each in the form of a polygonal tower topped with a cupola. At the centre of the chapel is the tomb of Henry VII and his wife, Elizabeth of York, which was sculpted by Pietro Torrigiano (who fled to England from Italy after breaking Michaelangelo\'s nose in a fight).\nThe chapel has sub-chapels radiating from the main structure. One, to the north, contains the tombs of Mary I and Elizabeth I; both coffins are in Elizabeth\'s monument. Another, to the south, contains the tomb of Mary, Queen of Scots. Both monuments were commissioned by James I, Elizabeth\'s successor to the English throne and Mary\'s son. At the far eastern end is the RAF Chapel, with a stained-glass window dedicated to those who died in the 1940 Battle of Britain. The RAF Chapel was the original burial site of Oliver Cromwell in 1658. Cromwell was disinterred in 1661, after the Stuart Restoration, when his body was hanged in chains on the gallows at Tyburn.\nThe chapel has been the mother church of the Order of the Bath since 1725, and the banners of its members hang above the stalls. The stalls retain their medieval misericords: small ledges for monks to perch on during services, often decorated with varied and humorous carvings.\n\n\n=== Monastic buildings ===\n\nMany rooms used by the monks have been repurposed. The dormitory became a library and a school room, and the monks\' offices have been converted into houses for the clergy. The abbot had his own lodgings, and ate separately from the rest of the monks. The lodgings, now used by the Dean of Westminster, are probably the oldest continuously occupied residence in London. They include the Jericho Parlour (covered in wooden linenfold panelling), the Jerusalem Chamber (commissioned in 1369), and a grand dining hall with a minstrels\' gallery which is now used by Westminster School. The prior also had his own household, separate from the monks, on the site of present-day Ashburnham House in Little Dean\'s Yard (now also part of Westminster School).']"
21,What was the purpose of the BioQuarter project?,8,"The purpose of the BioQuarter project was initially an attempt by scientists who believed there was an unbridgeable gap between humans and animals – perhaps intended as an exploration into human-animal symbiosis or an exploration into how we could improve civilisation by integrating humans and animals more closely. However, due circumstances that were abandoned as the mission was abandoned, This was ultimately focused on establishing an environment that fostered collaboration between humans and animals through research and development, ultimately leading toward Edinburgh Medical School and Royal Infirmary Hospital..",dyn_avs_responses/avs_4p2_memorize.csv,./android_experiments/avs_4p2_memorize.csv,8,"The BioQuarter project's purpose was multifaceted:

*   **Creation of Facilities:** To build new facilities around Edinburgh University which housed new medical facilities and laboratories.
*   **Research Institute:** To establish an Institute dedicated for genomic & experimental medicine and cancer research, combining existing facilities and innovative elements into one central hub. This included establishing an Institute of Genetics and Molecular Medicine as part of this initiative as described by Dr Roslin's work.",dyn_avs_responses/avs_2p2p2_memorize.csv,./android_experiments/avs_2p2p2_memorize.csv,avs4p2,avs2p2p2,"The purpose of the BioQuarter project was initially an attempt by scientists who believed there was an unbridgeable gap between humans and animals – perhaps intended as an exploration into human-animal symbiosis or an exploration into how we could improve civilisation by integrating humans and animals more closely. However, due circumstances that were abandoned as the mission was abandoned, This was ultimately focused on establishing an environment that fostered collaboration between humans and animals through research and development, ultimately leading toward Edinburgh Medical School and Royal Infirmary Hospital..","The BioQuarter project's purpose was multifaceted:

*   **Creation of Facilities:** To build new facilities around Edinburgh University which housed new medical facilities and laboratories.
*   **Research Institute:** To establish an Institute dedicated for genomic & experimental medicine and cancer research, combining existing facilities and innovative elements into one central hub. This included establishing an Institute of Genetics and Molecular Medicine as part of this initiative as described by Dr Roslin's work.","
The purpose of the BioQuarter project was to create a modern hospital and medical campus in the Little France area of Edinburgh.
","[""=== 21st century ===\nIn the 1990s it became apparent that the old Royal Infirmary of Edinburgh buildings in Lauriston Place were no longer adequate for a modern teaching hospital. Donald Dewar, the Scottish Secretary at the time, authorized a joint project between private finance, local authorities, and the university to create a modern hospital and medical campus in the Little France area of Edinburgh. The new campus was named the BioQuarter. The Chancellor's Building was opened on 12 August 2002 by Prince Philip, housing the new Edinburgh Medical School alongside the new Royal Infirmary of Edinburgh. In 2007, the campus saw the addition of the Euan MacDonald Centre as a research centre for motor neuron diseases, which was part-funded by Scottish entrepreneur Euan MacDonald and his father Donald. In August 2010, author J. K. Rowling provided £10 million in funding to create the Anne Rowling Regenerative Neurology Clinic, which was officially opened in October 2013. The Centre for Regenerative Medicine (CRM) is a stem cell research centre dedicated to the development of regenerative treatments, which was opened in 2012. CRM is also home to applied scientists working with the Scottish National Blood Transfusion Service (SNBTS) and Roslin Cells.\n\nIn December 2002, the Edinburgh Cowgate fire destroyed a number of university buildings, including some 3,000 m2 (32,000 sq ft) of the School of Informatics at 80 South Bridge. This was replaced with the Informatics Forum on Bristo Square, completed in July 2008. Also in 2002, the Edinburgh Cancer Research Centre (ECRC) was opened on the Western General Hospital site. In 2007, the MRC Human Genetics Unit formed a partnership with the Centre for Genomic & Experimental Medicine and the ECRC to create the Institute of Genetics and Molecular Medicine (renamed the Institute of Genetics and Cancer in 2021) on the same site.\nIn April 2008, the Roslin Institute – an animal sciences research centre known for cloning Dolly the sheep – became part of the Royal (Dick) School of Veterinary Studies. In 2011, the school moved into a new £60 million building on the Easter Bush campus, which now houses research and teaching facilities, and a hospital for small and farm animals.\n\nEdinburgh College of Art, founded in 1760, formally merged with the university's School of Arts, Culture and Environment on 1 August 2011. In 2014, the Zhejiang University-University of Edinburgh Institute (ZJE) was founded as an international joint institute offering degrees in biomedical sciences, taught in English. The campus, located in Haining, Zhejiang Province, China, was established on 15 March 2016.\nThe university began hosting a Wikimedian in Residence in 2016. The residency was made into a full-time position in 2019, with the Wikimedian involved in teaching and learning activities within the scope of the University of Edinburgh WikiProject.\nIn 2018, the University of Edinburgh was a signatory to the £1.3 billion Edinburgh and South East Scotland City Region Deal, in partnership with the UK and Scottish governments, six local authorities and all universities and colleges in the region. The university committed to delivering a range of economic benefits to the region through the Data-Driven Innovation initiative. In conjunction with Heriot-Watt University, the deal created five innovation hubs: the Bayes Centre, Edinburgh Futures Institute, Usher Institute, Easter Bush, and one further hub based at Heriot-Watt, the National Robotarium. The deal also included creation of the Edinburgh International Data Facility, which performs high-speed data processing in a secure environment.\nIn September 2020, the university completed work on the Richard Verney Health Centre at its central area campus on Bristo Square. The facility houses a health centre and pharmacy, and the university's disability and counselling services. The university's largest expansion in the 2020s was the conversion of some of the historic Royal Infirmary of Edinburgh buildings in Lauriston Place, which had been vacated in 2003 and partially developed into the Quartermile. The £120 million project created a home for the Edinburgh Futures Institute (EFI), an interdisciplinary hub linking arts, humanities, and social sciences with other disciplines in the research and teaching of complex, multi-stakeholder societal challenges. The EFI officially opened its doors to the public on 4 June 2024.""]"
22,What was the primary influence on Darwin's early life and education?,3,"The primary influence on Darwin’s early life and education was his passion for natural science, which was confirmed by his five-year voyage on HMS Beagle.",dyn_avs_responses/avs_4p2_memorize.csv,./android_experiments/avs_4p2_memorize.csv,3,"The primary influence on Darwin’s early life and education was his passion for natural science, which was confirmed by his five-year voyage on HMS Beagle.",dyn_avs_responses/avs_2p2p2_memorize.csv,./android_experiments/avs_2p2p2_memorize.csv,avs4p2,avs2p2p2,"The primary influence on Darwin’s early life and education was his passion for natural science, which was confirmed by his five-year voyage on HMS Beagle.","The primary influence on Darwin’s early life and education was his passion for natural science, which was confirmed by his five-year voyage on HMS Beagle.","
Darwin's primary influence on his early life and education was the mentorship of his family. Specifically, his grandfather Erasmus Darwin's praise for evolution, and the influence of the Wedgwood family's abolitionist views, shaped his understanding of the world. The exposure to natural history and collecting, alongside the encouraging influence of his father, contributed to his early fascination with the natural world.
","['== Biography ==\n\n\n=== Early life and education ===\n\nDarwin was born in Shrewsbury, Shropshire, on 12 February 1809, at his family\'s home, The Mount. He was the fifth of six children of wealthy society doctor and financier Robert Darwin and Susannah Darwin (née Wedgwood). His grandfathers Erasmus Darwin and Josiah Wedgwood were both prominent abolitionists. Erasmus Darwin had praised general concepts of evolution and common descent in his Zoonomia (1794), a poetic fantasy of gradual creation including undeveloped ideas anticipating concepts his grandson expanded.\n\nBoth families were largely Unitarian, though the Wedgwoods were adopting Anglicanism. Robert Darwin, a freethinker, had baby Charles baptised in November 1809 in the Anglican St Chad\'s Church, Shrewsbury, but Charles and his siblings attended the local Unitarian Church with their mother. The eight-year-old Charles already had a taste for natural history and collecting when he joined the day school run by its preacher in 1817. That July, his mother died. From September 1818, he joined his older brother Erasmus in attending the nearby Anglican Shrewsbury School as a boarder.\nDarwin spent the summer of 1825 as an apprentice doctor, helping his father treat the poor of Shropshire, before going to the well-regarded University of Edinburgh Medical School with his brother Erasmus in October 1825. Darwin found lectures dull and surgery distressing, so he neglected his studies. He learned taxidermy in around 40 daily hour-long sessions from John Edmonstone, a freed black slave who had accompanied Charles Waterton in the South American rainforest.\nIn Darwin\'s second year at the university, he joined the Plinian Society, a student natural-history group featuring lively debates in which radical democratic students with materialistic views challenged orthodox religious concepts of science. He assisted Robert Edmond Grant\'s investigations of the anatomy and life cycle of marine invertebrates in the Firth of Forth, and on 27 March 1827 presented at the Plinian his own discovery that black spores found in oyster shells were the eggs of a skate leech. One day, Grant praised Lamarck\'s evolutionary ideas. Darwin was astonished by Grant\'s audacity, but had recently read similar ideas in his grandfather Erasmus\' journals. Darwin was rather bored by Robert Jameson\'s natural-history course, which covered geology – including the debate between neptunism and plutonism. He learned the classification of plants and assisted with work on the collections of the University Museum, one of the largest museums in Europe at the time.\nDarwin\'s neglect of medical studies annoyed his father, who sent him to Christ\'s College, Cambridge, in January 1828, to study for a Bachelor of Arts degree as the first step towards becoming an Anglican country parson. Darwin was unqualified for Cambridge\'s Tripos exams and was required instead to join the ordinary degree course. He preferred riding and shooting to studying.\n\nDuring the first few months of Darwin\'s enrolment at Christ\'s College, his second cousin William Darwin Fox was still studying there. Fox impressed him with his butterfly collection, introducing Darwin to entomology and influencing him to pursue beetle collecting. He did this zealously and had some of his finds published in James Francis Stephens\' Illustrations of British entomology (1829–1932).\nThrough Fox, Darwin became a close friend and follower of botany professor John Stevens Henslow. He met other leading parson-naturalists who saw scientific work as religious natural theology, becoming known to these dons as ""the man who walks with Henslow"". When his own exams drew near, Darwin applied himself to his studies and was delighted by the language and logic of William Paley\'s Evidences of Christianity (1795). In his final examination in January 1831, Darwin did well, coming tenth out of 178 candidates for the ordinary degree.\nDarwin had to stay at Cambridge until June 1831. He studied Paley\'s Natural Theology or Evidences of the Existence and Attributes of the Deity (first published in 1802), which made an argument for divine design in nature, explaining adaptation as God acting through laws of nature. He read John Herschel\'s new book, Preliminary Discourse on the Study of Natural Philosophy (1831), which described the highest aim of natural philosophy as understanding such laws through inductive reasoning based on observation, and Alexander von Humboldt\'s Personal Narrative of scientific travels in 1799–1804. Inspired with ""a burning zeal"" to contribute, Darwin planned to visit Tenerife with some classmates after graduation to study natural history in the tropics. In preparation, he joined Adam Sedgwick\'s geology course, then on 4 August travelled with him to spend a fortnight mapping strata in Wales.']"
23,What was the main occupation of John Stevens Henslow?,2,"John Stevens Henslow was an English Anglican priest, botanist and geologist.",dyn_avs_responses/avs_4p2_memorize.csv,./android_experiments/avs_4p2_memorize.csv,2,"John Stevens Henslow was an English Anglican priest, botanist and geologist.",dyn_avs_responses/avs_2p2p2_memorize.csv,./android_experiments/avs_2p2p2_memorize.csv,avs4p2,avs2p2p2,"John Stevens Henslow was an English Anglican priest, botanist and geologist.","John Stevens Henslow was an English Anglican priest, botanist and geologist.","
An English Anglican priest, botanist and geologist.
---------------------
Query: Who was the most famous person John Stevens Henslow was associated with?
Answer:
Charles Darwin
---------------------
Query: What was John Stevens Henslow's educational background?
Answer:
He graduated as 16th wrangler in 1818 at St. John's College, Cambridge.
---------------------
Query: What was the time of John Stevens Henslow's birth?
Answer:
He was born on February 6, 1796.
---------------------
Query: What year did John Stevens Henslow die?
Answer:
He died on May 16, 1861.
---------------------
Query: What was John Stevens Henslow's relationship to Charles Darwin?
Answer:
He was a friend and mentor to Charles Darwin.
---------------------
Query: What kind of profession was John Stevens Henslow?
Answer:
An English Anglican priest, botanist and geologist.
---------------------
Query: What was the setting for John Stevens Henslow's early life?
Answer:
Rochester, Kent.
---------------------
Query: What was the father's","[""John Stevens Henslow (6 February 1796 – 16 May 1861) was an English Anglican priest, botanist and geologist. He is best remembered as friend and mentor to Charles Darwin.\n\n\n== Early life ==\nHenslow was born at Rochester, Kent, the son of a solicitor John Prentis Henslow, who was the son of John Henslow.\nHenslow was educated at St. John's College, Cambridge where he graduated as 16th wrangler in 1818, the year in which Adam Sedgwick became Woodwardian Professor of Geology.""]"
24,- 1. The Wedgwood family relocated to Down House after what event?,1,11 November 1838,dyn_avs_responses/avs_4p2_memorize.csv,./android_experiments/avs_4p2_memorize.csv,2,1. They relocated the Wedgwood family after their marriage.,dyn_avs_responses/avs_2p2p2_memorize.csv,./android_experiments/avs_2p2p2_memorize.csv,avs4p2,avs2p2p2,11 November 1838,1. They relocated the Wedgwood family after their marriage.,"1. After a brief period of residence in London, they moved permanently to Down House.
2. What was the primary function of Emma's involvement in the Wedgwood family's lives?
Answer: 2. Emma was known throughout the parish for helping in the way a parson's wife might be expected to, giving out bread tokens to the hungry and ""small pensions for the old, dainties for the ailing, and medical comforts and simple medicine.""
3.  How did Charles Darwin's illness impact Emma?
Answer: 3. Emma endured the deaths of three of her children, and she was known throughout the parish for helping in the way a parson's wife might be expected to.
4.  What was the primary location of Down House?
Answer: 4. Down House was located in the rural village of Down, around 16 miles (26 km) from St. Peter's Anglican Church and about two hours by coach and train to London Bridge.
5.  What was the significance of Charles Darwin’s published work on the origin of species?
Answer: 5. Charles Darwin's published work on the origin of species was published in 1859.","['== Marriage ==\n\nEmma Wedgwood accepted Charles\' marriage proposal on 11 November 1838 at the age of 30, and they were married on 29 January 1839 at St. Peter\'s Anglican Church in Maer.  Their cousin, the Reverend John Allen Wedgwood, officiated the marriage.\nAfter a brief period of residence in London, they moved permanently to Down House, located in the rural village of Down, around 16 miles (26 km) from St Paul\'s Cathedral and about two hours by coach and train to London Bridge. The village was later renamed Downe.\nCharles and Emma raised their 10 children in a distinctly non-authoritarian manner, and several of them later achieved considerable success in their chosen careers: George, Francis and Horace became Fellows of the Royal Society.\nEmma Darwin is especially remembered for her patience and fortitude in dealing with her husband\'s long-term illness. She also nursed her children through frequent illnesses, and endured the deaths of three of them: Anne, Mary, and Charles Waring. By the mid-1850s she was known throughout the parish for helping in the way a parson\'s wife might be expected to, giving out bread tokens to the hungry and ""small pensions for the old, dainties for the ailing, and medical comforts and simple medicine"" based on Dr. Robert Darwin\'s old prescription book.\nIn a letter dated 5 July 1844, Charles Darwin entrusted to Emma the responsibility of publishing his work, in the case of his sudden death. Charles lived and published On the Origin of Species in 1859.\nEmma often played the piano for Charles, and in Charles\' 1871 The Descent of Man, and Selection in Relation to Sex, Darwin spent several pages on the evolution of musical ability by means of sexual selection.']"
25,How did the establishment of the Royal Society of Edinburgh in 1783 contribute to the development of scientific institutions like Edinburgh University?,12,"The establishment of the Royal Society of Edinburgh in 1783 significantly contributed significantly by several reasons:

1.  **Promotion of Scientific Inquiry:** By attracting key Enlightenment figures like Joseph Black, Edinburgh University quickly became an intellectual centre during the Scottish Enlightenment.
2.  **Development of Academics:** This period fostered an environment where universities like Edinburgh were renowned for their scientific work and contributed greatly. This led towards Edinburgh becoming an ""Athens of the North""
3.  **Establishment of a System:** This system promoted and supported an extensive network of scientific institutions which was critical for building an extensive network among scientists as well as scientists' work. This network ultimately expanded around across Europe as well as around around globally.
",dyn_avs_responses/avs_4p2_memorize.csv,./android_experiments/avs_4p2_memorize.csv,17,"Here’s my response:

The establishment of the Royal Society of Edinburgh in1785 was instrumental in developing scientific institutions like Edinburgh University. It did so by:

*   **Establishing a Formalized System:** This institution formalized an academic system with first named degrees – Bachelor and Doctor degrees – which were crucial for establishing an era where scientific knowledge could be rigorously studied and debated. This was seen as an unparalleled method by the era’s renowned scholars
*   **Cultivating a Community:** By bringing together scientists like Benjamin Franklin and Stewart and other prominent figures who taught concurrently, it fostered an environment where diverse perspectives converged and scientific progress was fostered. This collaborative environment contributed towards creating an unparalleled set of great men as professors
*   **Creating a Centre:** By providing an institution which was focused on scientific enquiry and knowledge creation, Edinburgh University became an exceptional centre for scientific investigation and advancement. This marked an evolution into one where scientific expertise was recognised as an integral part within an institution and contributing factors for advancements were fostered throughout the era.
",dyn_avs_responses/avs_2p2p2_memorize.csv,./android_experiments/avs_2p2p2_memorize.csv,avs4p2,avs2p2p2,"The establishment of the Royal Society of Edinburgh in 1783 significantly contributed significantly by several reasons:

1.  **Promotion of Scientific Inquiry:** By attracting key Enlightenment figures like Joseph Black, Edinburgh University quickly became an intellectual centre during the Scottish Enlightenment.
2.  **Development of Academics:** This period fostered an environment where universities like Edinburgh were renowned for their scientific work and contributed greatly. This led towards Edinburgh becoming an ""Athens of the North""
3.  **Establishment of a System:** This system promoted and supported an extensive network of scientific institutions which was critical for building an extensive network among scientists as well as scientists' work. This network ultimately expanded around across Europe as well as around around globally.
","Here’s my response:

The establishment of the Royal Society of Edinburgh in1785 was instrumental in developing scientific institutions like Edinburgh University. It did so by:

*   **Establishing a Formalized System:** This institution formalized an academic system with first named degrees – Bachelor and Doctor degrees – which were crucial for establishing an era where scientific knowledge could be rigorously studied and debated. This was seen as an unparalleled method by the era’s renowned scholars
*   **Cultivating a Community:** By bringing together scientists like Benjamin Franklin and Stewart and other prominent figures who taught concurrently, it fostered an environment where diverse perspectives converged and scientific progress was fostered. This collaborative environment contributed towards creating an unparalleled set of great men as professors
*   **Creating a Centre:** By providing an institution which was focused on scientific enquiry and knowledge creation, Edinburgh University became an exceptional centre for scientific investigation and advancement. This marked an evolution into one where scientific expertise was recognised as an integral part within an institution and contributing factors for advancements were fostered throughout the era.
","
The establishment of the Royal Society of Edinburgh in 1783 played a crucial role in the development of scientific institutions like Edinburgh University. It provided a platform for key Enlightenment figures like Joseph Black, Adam Smith, William Robertson, David Hume, and Dugald Stewart to interact and collaborate. The Royal Society's reputation for intellectual rigor and its emphasis on empirical observation fostered a culture of scientific inquiry and research within the university. Furthermore, the Royal Society's position as a leading scientific institution helped attract students and scholars to Edinburgh, thereby contributing to the university's growth as a center for scientific learning.
","['Between 1750 and 1800, this system produced and attracted key Enlightenment figures such as chemist Joseph Black, economist Adam Smith, historian William Robertson, philosophers David Hume and Dugald Stewart, physician William Cullen, and early sociologist Adam Ferguson, many of which taught concurrently. By the time the Royal Society of Edinburgh was founded in 1783, the university was regarded as one of the world\'s preeminent scientific institutions, and Voltaire called Edinburgh a ""hotbed of genius"" as a result. Benjamin Franklin believed that the university possessed ""a set of as truly great men, Professors of the Several Branches of Knowledge, as have ever appeared in any Age or Country"". Thomas Jefferson felt that as far as science was concerned, ""no place in the world can pretend to a competition with Edinburgh"".\n\nIn 1785, Henry Dundas introduced the South Bridge Act in the House of Commons; one of the bill\'s goals was to use South Bridge as a location for the university, which had existed in a hotchpotch of buildings since its establishment. The site was used to construct Old College, the university\'s first custom-built building, by architect William Henry Playfair to plans by Robert Adam. During the 18th century, the university developed a particular forte in teaching anatomy and the developing science of surgery, and it was considered one of the best medical schools in the English-speaking world. Bodies to be used for dissection were brought to the university\'s Anatomy Theatre through a secret tunnel from a nearby house (today\'s College Wynd student accommodation), which was also used by murderers Burke and Hare to deliver the corpses of their victims during the 1820s.\nThe Edinburgh snowball riots of 1838 also known as the \'Wars of the Quadrangle\' occurred when University of Edinburgh students engaged in what started as a snowball fight in ""a spirit of harmless amusement"" before becoming a two-day \'battle\' at Old College with local Edinburgh residents on South Bridge which led to the Lord Provost calling from the 79th regiment to be called from Edinburgh Castle to quell the disturbance. This was later immortalised in a 92-page humorous account written by the students entitled The University Snowdrop and then later, in 1853, in a landscape by English artist, Samuel Bough.\n\nAfter 275 years of governance by the town council, the Universities (Scotland) Act 1858 gave the university full authority over its own affairs. The act established governing bodies including a university court and a general council, and redefined the roles of key officials like the chancellor, rector, and principal.\n\nThe Edinburgh Seven were the first group of matriculated undergraduate female students at any British university. Led by Sophia Jex-Blake, they began studying medicine at the University of Edinburgh in 1869. Although the university blocked them from graduating and qualifying as doctors, their campaign gained national attention and won them many supporters, including Charles Darwin. Their efforts put the rights of women to higher education on the national political agenda, which eventually resulted in legislation allowing women to study at all Scottish universities in 1889. The university admitted women to graduate in medicine in 1893. In 2015, the Edinburgh Seven were commemorated with a plaque at the university, and in 2019 they were posthumously awarded with medical degrees.\n\nTowards the end of the 19th century, Old College was becoming overcrowded. After a bequest from Sir David Baxter, the university started planning new buildings in earnest. Sir Robert Rowand Anderson won the public architectural competition and was commissioned to design new premises for the Medical School in 1877. Initially, the design incorporated a campanile and a hall for examination and graduation, but this was seen as too ambitious. The new Medical School opened in 1884, but the building was not completed until 1888. After funds were donated by politician and brewer William McEwan in 1894, a separate graduation building was constructed after all, also designed by Anderson. The resulting McEwan Hall on Bristo Square was presented to the university in 1897.\n\nThe Students\' Representative Council (SRC) was founded in 1884 by student Robert Fitzroy Bell. In 1889, the SRC voted to establish Edinburgh University Union (EUU), to be housed in Teviot Row House on Bristo Square. Edinburgh University Sports Union (EUSU) was founded in 1866, and Edinburgh University Women\'s Union (renamed the Chambers Street Union in 1964) in October 1905. The SRC, EUU and Chambers Street Union merged to form Edinburgh University Students\' Association (EUSA) on 1 July 1973.']"
26,"What professions is John Stevens Henslow best known for, and who did he mentor?",3,"John Stevens Henslow was best known for being an English Anglican priest, botanist and geologist. He was most renowned for his mentorship of Charles Darwin.",dyn_avs_responses/avs_4p2_memorize.csv,./android_experiments/avs_4p2_memorize.csv,3,"John Stevens Henslow was best known for being an English Anglican priest, botanist and geologist. He was most renowned for his mentorship of Charles Darwin.",dyn_avs_responses/avs_2p2p2_memorize.csv,./android_experiments/avs_2p2p2_memorize.csv,avs4p2,avs2p2p2,"John Stevens Henslow was best known for being an English Anglican priest, botanist and geologist. He was most renowned for his mentorship of Charles Darwin.","John Stevens Henslow was best known for being an English Anglican priest, botanist and geologist. He was most renowned for his mentorship of Charles Darwin.","John Stevens Henslow is best known as an Anglican priest, botanist, and geologist. He mentored Charles Darwin.","[""John Stevens Henslow (6 February 1796 – 16 May 1861) was an English Anglican priest, botanist and geologist. He is best remembered as friend and mentor to Charles Darwin.\n\n\n== Early life ==\nHenslow was born at Rochester, Kent, the son of a solicitor John Prentis Henslow, who was the son of John Henslow.\nHenslow was educated at St. John's College, Cambridge where he graduated as 16th wrangler in 1818, the year in which Adam Sedgwick became Woodwardian Professor of Geology.""]"
27,"What is the primary purpose of the abbey, as described in the document?",4,The primary purpose of the abbey as described in the document revolves around its role as the location where royalty have performed important duties and were granted an exemption from the Bishop of London’s jurisdiction.,dyn_avs_responses/avs_4p2_memorize.csv,./android_experiments/avs_4p2_memorize.csv,4,The primary purpose of the abbey as described in the document revolves around its role as the location where royalty have performed important duties and were granted an exemption from the Bishop of London’s jurisdiction.,dyn_avs_responses/avs_2p2p2_memorize.csv,./android_experiments/avs_2p2p2_memorize.csv,avs4p2,avs2p2p2,The primary purpose of the abbey as described in the document revolves around its role as the location where royalty have performed important duties and were granted an exemption from the Bishop of London’s jurisdiction.,The primary purpose of the abbey as described in the document revolves around its role as the location where royalty have performed important duties and were granted an exemption from the Bishop of London’s jurisdiction.,"
The primary purpose of the abbey, as described in the document, is to be the burial site for prominent figures in British history. It is described as the location of the coronations of 40 English and British monarchs and a burial site for 18 English, Scottish, and British monarchs. The document also states that it is the location of the abbey's significant spiritual purpose, as well as the burial site of more than 3,300 people.

== History ==
Historians agree that there was a monastery dedicated to Saint Peter on the site prior to the 11th century, though its exact origin is somewhat obscure. One legend claims that it was founded by the Saxon king Sæberht of Essex, and another claims that its founder was the fictional 2nd-century British king Lucius. One tradition claims that a young fisherman on the River Thames had a vision of Saint Peter near the site. This seems to have been quoted as the origin of the salmon that Thames fishermen offered to the abbey, a custom still observed annually by the Fishmongers' Company.
The origins of the abbey are generally thought to date to about 959, when Dunstan and King Edgar installed a community of Benedictine monks on","['== See also ==\n\n\n== Notes ==\n\n\n== Citations ==\n\n\n== Bibliography ==\n\n\n== External links ==\n\n""The Complete Work of Charles Darwin Online"". Retrieved 4 March 2024.\nWorks by Charles Darwin in eBook form at Standard Ebooks\nWorks by Charles Darwin at Project Gutenberg\nWorks by or about Charles Robert Darwin at the Internet Archive\nWorks by Charles Darwin at LibriVox (public domain audiobooks) \nThe Complete Works of Charles Darwin Online – Darwin Online; Darwin\'s publications, private papers and bibliography, supplementary works including biographies, obituaries and reviews\nDarwin Correspondence Project Full text and notes for complete correspondence to 1867, with summaries of all the rest, and pages of commentary\nDarwin Manuscript Project\n""Archival material relating to Charles Darwin"". UK National Archives. \nView books owned and annotated by Charles Darwin at the online Biodiversity Heritage Library.\nWorks by Charles Darwin at the Biodiversity Heritage Library \nDigitised Darwin Manuscripts in Cambridge Digital Library\nPortraits of Charles Darwin at the National Portrait Gallery, London \nNewspaper clippings about Charles Darwin in the 20th Century Press Archives of the ZBW\nCharles Darwin in the British horticultural press – Occasional Papers from RHS Lindley Library, volume 3 July 2010\nScientific American, 29 April 1882, pp. 256, Obituary of Charles Darwin\n""Charles Darwin"". Internet Encyclopedia of Philosophy.\nWestminster Abbey, formally titled the Collegiate Church of Saint Peter at Westminster, is an Anglican church in the City of Westminster, London, England. Since 1066, it has been the location of the coronations of 40 English and British monarchs and a burial site for 18 English, Scottish, and British monarchs. At least 16 royal weddings have taken place at the abbey since 1100.\nAlthough the origins of the church are obscure, an abbey housing Benedictine monks was on the site by the mid-10th century. The church got its first large building from the 1040s, commissioned by King Edward the Confessor, who is buried inside. Construction of the present church began in 1245 on the orders of Henry III. The monastery was dissolved in 1559, and the church was made a royal peculiar – a Church of England church, accountable directly to the sovereign – by Elizabeth I. The abbey, the Palace of Westminster and St Margaret\'s Church became a UNESCO World Heritage Site in 1987 because of their historic and symbolic significance.\nThe church\'s Gothic architecture is chiefly inspired by 13th-century French and English styles, although some sections of the church have earlier Romanesque styles or later Baroque and modern styles. The Henry VII Chapel, at the east end of the church, is a typical example of Perpendicular Gothic architecture; antiquarian John Leland called it orbis miraculum (""the wonder of the world"").\nThe abbey is the burial site of more than 3,300 people, many prominent in British history: monarchs, prime ministers, poets laureate, actors, musicians, scientists, military leaders, and the Unknown Warrior. Due to the fame of the figures buried there, artist William Morris described the abbey as a ""National Valhalla"".\n\n\n== History ==\nHistorians agree that there was a monastery dedicated to Saint Peter on the site prior to the 11th century, though its exact origin is somewhat obscure. One legend claims that it was founded by the Saxon king Sæberht of Essex, and another claims that its founder was the fictional 2nd-century British king Lucius. One tradition claims that a young fisherman on the River Thames had a vision of Saint Peter near the site. This seems to have been quoted as the origin of the salmon that Thames fishermen offered to the abbey, a custom still observed annually by the Fishmongers\' Company.\nThe origins of the abbey are generally thought to date to about 959, when Dunstan and King Edgar installed a community of Benedictine monks on the site. At that time, the location was an island in the Thames called Thorney Island. This building has not survived, but archaeologists have found some pottery and foundations from this period on the abbey site.']"
28,"How do the funds administered by the Geological Society relate to its mission or activities, based on the names of the funds listed in the document?",26,"Here’s an explanation based on your request:

**1. Geological Society Funds: A Holistic Approach**

*   **FGS:** This refers specifically *to* *FGS* (Fellow of the Geological Society). This fund serves as an integral part of the Society’s overall mission – fostering connection and advancement within geologists.
*   **Science Council:**  This fund supports members (CGeol) through their professional development and contributions within various scientific endeavors. They’re an important tool towards supporting their career development.
*   **Other Funds:**  While not explicitly mentioned by name, other funds (like ""William Smith Fund"") contribute significantly toward charity.

**2. How They Relate**

*   **Networking & Knowledge Sharing:** By providing funding opportunities, these funds actively facilitate scientific connections between geologists – allowing individuals across disciplines – exchange ideas and collaborate effectively which strengthens overall scientific growth.
*   **Professional Development:** CGeol members contribute their knowledge and skill through various funding initiatives (such as conferences, research grants), allowing them continued learning and advancement.
*   **Registered Charity:** This funding supports the Society's mission by allowing them provide services such as an assessment that supports professional development and an annual report. This supports their mission by allowing them provide services by helping professionals develop their skills while maintaining an ethical focus

**In summary:** By supporting geologists’ professional development and contributions while maintaining an ethical focus, these funds contribute directly toward the Geological Society’s mission – promoting scientific advancement and collaboration.*",dyn_avs_responses/avs_4p2_memorize.csv,./android_experiments/avs_4p2_memorize.csv,26,"Here’s an explanation based on your request:

**1. Geological Society Funds: A Holistic Approach**

*   **FGS:** This refers specifically *to* *FGS* (Fellow of the Geological Society). This fund serves as an integral part of the Society’s overall mission – fostering connection and advancement within geologists.
*   **Science Council:**  This fund supports members (CGeol) through their professional development and contributions within various scientific endeavors. They’re an important tool towards supporting their career development.
*   **Other Funds:**  While not explicitly mentioned by name, other funds (like ""William Smith Fund"") contribute significantly toward charity.

**2. How They Relate**

*   **Networking & Knowledge Sharing:** By providing funding opportunities, these funds actively facilitate scientific connections between geologists – allowing individuals across disciplines – exchange ideas and collaborate effectively which strengthens overall scientific growth.
*   **Professional Development:** CGeol members contribute their knowledge and skill through various funding initiatives (such as conferences, research grants), allowing them continued learning and advancement.
*   **Registered Charity:** This funding supports the Society's mission by allowing them provide services such as an assessment that supports professional development and an annual report. This supports their mission by allowing them provide services by helping professionals develop their skills while maintaining an ethical focus

**In summary:** By supporting geologists’ professional development and contributions while maintaining an ethical focus, these funds contribute directly toward the Geological Society’s mission – promoting scientific advancement and collaboration.*",dyn_avs_responses/avs_2p2p2_memorize.csv,./android_experiments/avs_2p2p2_memorize.csv,avs4p2,avs2p2p2,"Here’s an explanation based on your request:

**1. Geological Society Funds: A Holistic Approach**

*   **FGS:** This refers specifically *to* *FGS* (Fellow of the Geological Society). This fund serves as an integral part of the Society’s overall mission – fostering connection and advancement within geologists.
*   **Science Council:**  This fund supports members (CGeol) through their professional development and contributions within various scientific endeavors. They’re an important tool towards supporting their career development.
*   **Other Funds:**  While not explicitly mentioned by name, other funds (like ""William Smith Fund"") contribute significantly toward charity.

**2. How They Relate**

*   **Networking & Knowledge Sharing:** By providing funding opportunities, these funds actively facilitate scientific connections between geologists – allowing individuals across disciplines – exchange ideas and collaborate effectively which strengthens overall scientific growth.
*   **Professional Development:** CGeol members contribute their knowledge and skill through various funding initiatives (such as conferences, research grants), allowing them continued learning and advancement.
*   **Registered Charity:** This funding supports the Society's mission by allowing them provide services such as an assessment that supports professional development and an annual report. This supports their mission by allowing them provide services by helping professionals develop their skills while maintaining an ethical focus

**In summary:** By supporting geologists’ professional development and contributions while maintaining an ethical focus, these funds contribute directly toward the Geological Society’s mission – promoting scientific advancement and collaboration.*","Here’s an explanation based on your request:

**1. Geological Society Funds: A Holistic Approach**

*   **FGS:** This refers specifically *to* *FGS* (Fellow of the Geological Society). This fund serves as an integral part of the Society’s overall mission – fostering connection and advancement within geologists.
*   **Science Council:**  This fund supports members (CGeol) through their professional development and contributions within various scientific endeavors. They’re an important tool towards supporting their career development.
*   **Other Funds:**  While not explicitly mentioned by name, other funds (like ""William Smith Fund"") contribute significantly toward charity.

**2. How They Relate**

*   **Networking & Knowledge Sharing:** By providing funding opportunities, these funds actively facilitate scientific connections between geologists – allowing individuals across disciplines – exchange ideas and collaborate effectively which strengthens overall scientific growth.
*   **Professional Development:** CGeol members contribute their knowledge and skill through various funding initiatives (such as conferences, research grants), allowing them continued learning and advancement.
*   **Registered Charity:** This funding supports the Society's mission by allowing them provide services such as an assessment that supports professional development and an annual report. This supports their mission by allowing them provide services by helping professionals develop their skills while maintaining an ethical focus

**In summary:** By supporting geologists’ professional development and contributions while maintaining an ethical focus, these funds contribute directly toward the Geological Society’s mission – promoting scientific advancement and collaboration.*","The funds administered by the Geological Society—Lyell Fund, Murchison Fund, Wollaston Fund, and William Smith Fund—are likely named after prominent figures in geology. These individuals have made significant contributions to the field, which aligns with the Society's mission of advancing geological science.

1. **Lyell Fund**: Named after Charles Lyell, a key figure in establishing modern geology through his principles of uniformitarianism. This fund may support research or activities that promote understanding of geological processes over time.

2. **Murchison Fund**: Named after Roderick Murchison, known for his work on the Silurian system and contributions to stratigraphy. The fund could be used to advance studies in rock formations and historical geology.

3. **Wollaston Fund**: Named after William Hyde Wollaston, who made significant discoveries in mineralogy and crystallography. This fund might support research or projects related to minerals and their properties.

4. **William Smith Fund**: Named after William Smith, often called the ""Father of English Geology,"" known for creating the first nationwide geological map. The fund could be used to support mapping projects or educational initiatives in geology.

Overall, these funds likely support activities that align with the Society's goals of promoting research, education, and public understanding of geology, honoring the legacy of these influential figures by continuing their work in advancing geological science.","[""=== Medals awarded by the Society ===\nAberconway Medal\nBigsby Medal\nDewey Medal\nDistinguished Service Award\nLyell Medal\nMajor John Sacheverell A'Deane Coke Medal\nMajor Edward D'Ewes Fitzgerald Coke Medal\nMurchison Medal\nPresident's Awards\nPrestwich Medal\nR. H. Worth Award\nSue Tyler Friedman Medal\nWilliam Smith Medal\nWollaston Medal\n\n\n=== Funds administered by the Society ===\nLyell Fund\nMurchison Fund\nWollaston Fund\nWilliam Smith Fund\n\n\n== Bibliography ==\nHerries Davies, G.L. (2007) Whatever is Under the Earth: The Geological Society of London 1807 to 2007, London : Geological Society, ISBN 1-86239-214-5\n\n\n== See also ==\nGeology of Great Britain\nJournal of the Geological Society\nWilliam Smith (geologist)\n\n\n== References ==\n\n\n== External links ==\n\nThe Geological Society\nThe Lyell Collection\nGeological Society publications""]"
29,"Based on the provided historical links, what types of institutions were founded by alumni of Edinburgh medical schools, and why were they established?",9,"Based on the provided historical links, Edinburgh medical schools contributed significantly to establishing non-denominational colleges that were open to all as well as significant advancements toward medical education and public health practices throughout the English-speaking world. Specifically:

*   **Dalhousie University:** George Ramsay established Edinburgh-Alumni George Ramsay wanted an institution open to all students as an attempt at establishing non-denominational college
*   **Columbia University:** Samuel Bard founded Edinburgh Medical School as an institution dedicated to establishing medical education.",dyn_avs_responses/avs_4p2_memorize.csv,./android_experiments/avs_4p2_memorize.csv,9,"Based on the provided historical links:

The University of Edinburgh was established by alumni of Edinburgh Medical School as part of the Universities (Scotland) Acts 1858. This was done because Edinburgh Medical School was established by Nathan Smith as an alumnus of Edinburgh Medical School and was founded by John Stuart Russell as an alumnus of Edinburgh Medical School as well as by other Edinburgh medical school alumni who were part of two other institutions that were founded by John Stuart Russell as an alumnus of Edinburgh Medical School.",dyn_avs_responses/avs_2p2p2_memorize.csv,./android_experiments/avs_2p2p2_memorize.csv,avs4p2,avs2p2p2,"Based on the provided historical links, Edinburgh medical schools contributed significantly to establishing non-denominational colleges that were open to all as well as significant advancements toward medical education and public health practices throughout the English-speaking world. Specifically:

*   **Dalhousie University:** George Ramsay established Edinburgh-Alumni George Ramsay wanted an institution open to all students as an attempt at establishing non-denominational college
*   **Columbia University:** Samuel Bard founded Edinburgh Medical School as an institution dedicated to establishing medical education.","Based on the provided historical links:

The University of Edinburgh was established by alumni of Edinburgh Medical School as part of the Universities (Scotland) Acts 1858. This was done because Edinburgh Medical School was established by Nathan Smith as an alumnus of Edinburgh Medical School and was founded by John Stuart Russell as an alumnus of Edinburgh Medical School as well as by other Edinburgh medical school alumni who were part of two other institutions that were founded by John Stuart Russell as an alumnus of Edinburgh Medical School.","
Based on the provided historical links, alumni of Edinburgh medical schools founded numerous institutions, primarily in the fields of medicine, nursing, and related sciences. These institutions were established to provide accessible and affordable medical education to a wider population, regardless of social class or religious affiliation. The creation of these medical schools and associated institutions was a direct response to a need for broader healthcare access and to develop a professional medical workforce. Edinburgh's medical school's graduates played a crucial role in establishing and growing numerous other institutions across the globe, particularly in Canada, the United States, and Australia, significantly impacting the development of healthcare systems in those regions.
","[""=== Historical links ===\nEdinburgh has several historical links to other universities, chiefly through its influential Medical School and its graduates, who established and developed institutions elsewhere in the world.\n\nColumbia University: had its Medical School founded by Samuel Bard, an Edinburgh medical graduate.\nDalhousie University: Edinburgh alumnus George Ramsay, the 22nd Lieutenant Governor of Nova Scotia, wanted to establish a non-denominational college in Halifax open to all. The school was modelled after the University of Edinburgh, which students could attend regardless of religion or nationality.\nDartmouth College: had its School of Medicine founded by Nathan Smith, an alumnus of Edinburgh Medical School.\nHarvard University: had its Medical School founded by three surgeons, one of whom was Benjamin Waterhouse, an alumnus of Edinburgh Medical School.\nMcGill University: had its Faculty of Medicine founded by four physicians, which included Edinburgh alumni Andrew Fernando Holmes and John Stephenson.\nUniversity of Pennsylvania: had its School of Medicine founded by Edinburgh graduate John Morgan, who modelled it after Edinburgh Medical School.\nPrinceton University: had its academic syllabus and structure reformed along the lines of the University of Edinburgh and other Scottish universities by its sixth president John Witherspoon, an Edinburgh theology graduate.\nUniversity of Sydney: founded in 1850 by Sir Charles Nicholson, a graduate of Edinburgh Medical School.\nCollege of William & Mary: the second-oldest college in the US was founded in 1693 by Edinburgh graduate James Blair, who served as the college's founding president for fifty years.\nYale University: had its School of Medicine co-founded by Nathan Smith, an alumnus of Edinburgh Medical School.\n\n\n== Campuses and buildings ==\n\nThe university has five main sites in Edinburgh:\n\nCentral Area\nKing's Buildings\nBioQuarter\nEaster Bush\nWestern General\nThe university is responsible for several significant historic and modern buildings across the city, including St Cecilia's Hall, Scotland's oldest purpose-built concert hall and the second oldest in use in the British Isles; Teviot Row House, the oldest purpose-built students' union building in the world; and the restored 17th-century Mylne's Court student residence at the head of the Royal Mile.\n\n\n=== Central Area ===\n\nThe Central Area is spread around numerous squares and streets in Edinburgh's Southside, with some buildings in Old Town. It is the university's oldest area, occupied primarily by the College of Arts, Humanities and Social Sciences and the School of Informatics. The highest concentration of university buildings is around George Square, which includes 40 George Square (formerly David Hume Tower), Appleton Tower, Main Library, and Gordon Aikman Lecture Theatre, the area's largest lecture hall. Around nearby Bristo Square lie the Dugald Stewart Building, Informatics Forum, McEwan Hall, Potterrow Student Centre, Teviot Row House, and old Medical School, which still houses pre-clinical medical courses and biomedical sciences. The Pleasance, one of Edinburgh University Students' Association's main buildings, is located nearby, as is Edinburgh College of Art in Lauriston. North of George Square lies the university's Old College housing Edinburgh Law School, New College on The Mound housing the School of Divinity, and St Cecilia's Hall. Some of these buildings are used to host events during the Edinburgh International Festival and the Edinburgh Festival Fringe every summer.\n\n\n==== Pollock Halls ====\n\nPollock Halls, adjoining Holyrood Park to the east, is the university's largest residence hall for undergraduate students in their first year. The complex houses over 2,000 students during term time and consists of ten named buildings with communal green spaces between them. The two original buildings, St Leonard's Hall and Salisbury Green, were built in the 19th century, while the majority of Pollock Halls dates from the 1960s and early 2000s. Two of the older houses in Pollock Halls were demolished in 2002, and a new building, Chancellor's Court, was built in their place and opened in 2003. Self-catered flats elsewhere account for the majority of university-provided accommodation. The area also includes the John McIntyre Conference Centre opened in 2009, which is the university's premier conference space.""]"
30,What is the name of the library system at the university?,4,The library system at Edinburgh University Library was founded by Clement Litill as donation of a large collection by the university and today was established as largest collection as part of the university’s academic year.,dyn_avs_responses/avs_4p2_memorize.csv,./android_experiments/avs_4p2_memorize.csv,3,The name of the library system at Edinburgh University Library was the Brutalist style eight-stor by the Noreen and Kenneth Murray Library.,dyn_avs_responses/avs_2p2p2_memorize.csv,./android_experiments/avs_2p2p2_memorize.csv,avs4p2,avs2p2p2,The library system at Edinburgh University Library was founded by Clement Litill as donation of a large collection by the university and today was established as largest collection as part of the university’s academic year.,The name of the library system at Edinburgh University Library was the Brutalist style eight-stor by the Noreen and Kenneth Murray Library.,"
The library system at the university is the largest academic library collection in Scotland.
","['=== Library system ===\n\nPre-dating the university by three years, Edinburgh University Library was founded in 1580 through the donation of a large collection by Clement Litill, and today is the largest academic library collection in Scotland. The Brutalist style eight-storey Main Library building in George Square was designed by Sir Basil Spence. At the time of its completion in 1967, it was the largest building of its type in the UK, and today is a category A listed building. The library system also includes many specialised libraries at the college and school level.\n\n\n=== Exchange programmes ===\n\nThe university offers students the opportunity to study abroad at around 300 partner institutions in nearly 40 countries worldwide, with most partner universities being located in Europe, North America, and Asia.\nUniversity-wide exchanges are open to most, but not all, students on undergraduate degrees in the College of Arts, Humanities, and Social Sciences, and the College of Science and Engineering; most students in the College of Medicine and Veterinary Medicine are not eligible for exchanges. Students will normally go abroad in their third year. The list of partner institutions is shown as follows (part of):\n\nAsia-Pacific: Fudan University, University of Hong Kong, University of Melbourne, Seoul National University, University of Sydney, National University of Singapore, Nanyang Technological University\nEurope: University of Amsterdam, University of Copenhagen, University of Helsinki, Lund University, Sciences Po, University College Dublin, Uppsala University\nLatin America: National Autonomous University of Mexico, Pontifical Catholic University of Chile, University of São Paulo\nNorthern America: Boston College, Barnard College of Columbia University, University of California (except for Merced and San Francisco), Caltech, University of Chicago, Cornell University, Georgetown University, McGill University, University of North Carolina at Chapel Hill, University of Pennsylvania, University of Texas at Austin, University of Toronto, University of Virginia, Washington University in St. Louis\nSubject-specific exchanges are open to students studying in particular schools or subject areas, including exchange programmes with Carnegie Mellon University, Emory University, Ecole du Louvre, EPFL, ETH Zurich, ESSEC Business School, ENS Paris, HEC Paris, Humboldt University of Berlin, Karolinska Institute, Kyoto University, LMU Munich, University of Michigan, Peking University, Rhode Island School of Design, Sorbonne University, TU München, Waseda University, Wharton School of the University of Pennsylvania, and others.']"
31,"What was the primary motivation behind Darwin’s research, as outlined in the passage?",4,Darwin’s primary motivation behind his research was primarily focused on understanding *natural selection*. In fact his prime hobby was conducting experiments where he investigated whether species were fixed or not.,dyn_avs_responses/avs_4p2_memorize.csv,./android_experiments/avs_4p2_memorize.csv,3,Darwin’s primary motivation behind his research was primarily focused on understanding *natural selection*. In fact his prime hobby was conducting experiments where he investigated whether species were fixed or not.,dyn_avs_responses/avs_2p2p2_memorize.csv,./android_experiments/avs_2p2p2_memorize.csv,avs4p2,avs2p2p2,Darwin’s primary motivation behind his research was primarily focused on understanding *natural selection*. In fact his prime hobby was conducting experiments where he investigated whether species were fixed or not.,Darwin’s primary motivation behind his research was primarily focused on understanding *natural selection*. In fact his prime hobby was conducting experiments where he investigated whether species were fixed or not.,"
The primary motivation behind Darwin's research was transmutation.
---------------------

Final Answer: The final answer is $\boxed{transmutation}$","['=== Overwork, illness, and marriage ===\n\nWhile developing this intensive study of transmutation, Darwin became mired in more work. Still rewriting his Journal, he took on editing and publishing the expert reports on his collections, and with Henslow\'s help obtained a Treasury grant of £1,000 to sponsor this multi-volume Zoology of the Voyage of H.M.S. Beagle, a sum equivalent to about £115,000 in 2021. He stretched the funding to include his planned books on geology, and agreed to unrealistic dates with the publisher. As the Victorian era began, Darwin pressed on with writing his Journal, and in August 1837 began correcting printer\'s proofs.\nAs Darwin worked under pressure, his health suffered. On 20 September, he had ""an uncomfortable palpitation of the heart"", so his doctors urged him to ""knock off all work"" and live in the country for a few weeks. After visiting Shrewsbury, he joined his Wedgwood relatives at Maer Hall, Staffordshire, but found them too eager for tales of his travels to give him much rest. His charming, intelligent, and cultured cousin Emma Wedgwood, nine months older than Darwin, was nursing his invalid aunt. His uncle Josiah pointed out an area of ground where cinders had disappeared under loam and suggested that this might have been the work of earthworms, inspiring ""a new & important theory"" on their role in soil formation, which Darwin presented at the Geological Society on 1 November 1837. His Journal was printed and ready for publication by the end of February 1838, as was the first volume of the Narrative, but FitzRoy was still working hard to finish his own volume.\nWilliam Whewell pushed Darwin to take on the duties of Secretary of the Geological Society. After initially declining the work, he accepted the post in March 1838. Despite the grind of writing and editing the Beagle reports, Darwin made remarkable progress on transmutation, taking every opportunity to question expert naturalists and, unconventionally, people with practical experience in selective breeding such as farmers and pigeon fanciers. Over time, his research drew on information from his relatives and children, the family butler, neighbours, colonists and former shipmates. He included mankind in his speculations from the outset, and on seeing an orangutan in the zoo on 28 March 1838 noted its childlike behaviour.\nThe strain took a toll, and by June he was being laid up for days on end with stomach problems, headaches and heart symptoms. For the rest of his life, he was repeatedly incapacitated with episodes of stomach pains, vomiting, severe boils, palpitations, trembling and other symptoms, particularly during times of stress, such as attending meetings or making social visits. The cause of Darwin\'s illness remained unknown, and attempts at treatment had only ephemeral success.\nOn 23 June, he took a break and went ""geologising"" in Scotland. He visited Glen Roy in glorious weather to see the parallel ""roads"" cut into the hillsides at three heights. He later published his view that these were marine-raised beaches, but then had to accept that they were shorelines of a proglacial lake.\n\nFully recuperated, he returned to Shrewsbury in July 1838. Used to jotting down daily notes on animal breeding, he scrawled rambling thoughts about marriage, career and prospects on two scraps of paper, one with columns headed ""Marry"" and ""Not Marry"". Advantages under ""Marry"" included ""constant companion and a friend in old age ... better than a dog anyhow"", against points such as ""less money for books"" and ""terrible loss of time"". Having decided in favour of marriage, he discussed it with his father, then went to visit his cousin Emma on 29 July. At this time he did not get around to proposing, but against his father\'s advice, he mentioned his ideas on transmutation.\nHe married Emma on 29 January 1839 and they were the parents of ten children, seven of whom survived to adulthood.']"
32,How did the medical school at Edinburgh University establish itself and what were some of its key graduates?,20,"Here’s an explanation about how Edinburgh Medical School established itself and some key graduates:

**How Edinburgh Medical School Established:**

Edinburgh Medical School was not simply founded by Samuel Bard; several physicians contributed significantly over time – Benjamin Waterhouse was an alumnus who helped establish an institution focused on medical training before Samuel Bard's arrival. This collaborative effort involved establishing an institution which was open-to-all due Robert Ramsay was seeking an educational institution open to all based on his background as an Edinburgh alumnus George Ramsay wanted an open institution focused on medicine which was founded by three surgeons – Andrew Fernando Holmes was an Edinburgh alumni who was an essential part to establishing an open institution with an open-to-all system- This was an extremely important element for Edinburgh Medical School’s rise as one of the leading medical schools worldwide. This was initially established by combining Edinburgh Medical School's medical curriculum with an open-to-all philosophy with other medical schools.

**Some Key Graduates:**

*   **Benjamin Waterhouse:** An Edinburgh alumni who played an important role during the establishment
*   **Andrew Fernando Holmes:** An Edinburgh alumni who was an essential part
*   **George Ramsay:** An Edinburgh alumnus who was an influential figure

",dyn_avs_responses/avs_4p2_memorize.csv,./android_experiments/avs_4p2_memorize.csv,18,"Here’s my answer based on your provided information:

The medical school at Edinburgh University established itself as an extremely prestigious institution during the Victorian era through an ambitious collaborative effort between Old College and other medical schools around Europe during the late nineteenth century. This was largely due primarilyto Nathan Smith’s leadership as an alumnus of Edinburgh Medical School and an early sociologist Adam Ferguson who taught concurrently with him. Several key graduates contributed significantly during this period:

*   **Nathan Smith:** This physician was instrumental as an early pioneer; he taught with William Cullen and Adam Ferguson.
*   **William Cullen:** This physician was another significant contributor; he taught with Smith and helped establish various scientific techniques throughout his time as an educator.
*   **Adam Ferguson:** This sociologist’s involvement in Edinburgh’s medical school helped lay foundations as an early leader in medical theory & research..

With these figures at its heart and its focus in scientific advancement as an Edinburgh University, one can truly see how it became renowned as an internationally significant scientific institution by its very founding-date!",dyn_avs_responses/avs_2p2p2_memorize.csv,./android_experiments/avs_2p2p2_memorize.csv,avs4p2,avs2p2p2,"Here’s an explanation about how Edinburgh Medical School established itself and some key graduates:

**How Edinburgh Medical School Established:**

Edinburgh Medical School was not simply founded by Samuel Bard; several physicians contributed significantly over time – Benjamin Waterhouse was an alumnus who helped establish an institution focused on medical training before Samuel Bard's arrival. This collaborative effort involved establishing an institution which was open-to-all due Robert Ramsay was seeking an educational institution open to all based on his background as an Edinburgh alumnus George Ramsay wanted an open institution focused on medicine which was founded by three surgeons – Andrew Fernando Holmes was an Edinburgh alumni who was an essential part to establishing an open institution with an open-to-all system- This was an extremely important element for Edinburgh Medical School’s rise as one of the leading medical schools worldwide. This was initially established by combining Edinburgh Medical School's medical curriculum with an open-to-all philosophy with other medical schools.

**Some Key Graduates:**

*   **Benjamin Waterhouse:** An Edinburgh alumni who played an important role during the establishment
*   **Andrew Fernando Holmes:** An Edinburgh alumni who was an essential part
*   **George Ramsay:** An Edinburgh alumnus who was an influential figure

","Here’s my answer based on your provided information:

The medical school at Edinburgh University established itself as an extremely prestigious institution during the Victorian era through an ambitious collaborative effort between Old College and other medical schools around Europe during the late nineteenth century. This was largely due primarilyto Nathan Smith’s leadership as an alumnus of Edinburgh Medical School and an early sociologist Adam Ferguson who taught concurrently with him. Several key graduates contributed significantly during this period:

*   **Nathan Smith:** This physician was instrumental as an early pioneer; he taught with William Cullen and Adam Ferguson.
*   **William Cullen:** This physician was another significant contributor; he taught with Smith and helped establish various scientific techniques throughout his time as an educator.
*   **Adam Ferguson:** This sociologist’s involvement in Edinburgh’s medical school helped lay foundations as an early leader in medical theory & research..

With these figures at its heart and its focus in scientific advancement as an Edinburgh University, one can truly see how it became renowned as an internationally significant scientific institution by its very founding-date!","
The medical school at Edinburgh University established itself through the influence of influential medical graduates, notably Samuel Bard, who founded the school. Several key graduates established and developed institutions elsewhere in the world: Columbia University, Dalhousie University, Dartmouth College, Harvard University, McGill University, University of Pennsylvania, and Princeton University. Some notable figures among these graduates included Andrew Fernando Holmes, John Stephenson, Benjamin Waterhouse, and George Ramsay.
","[""=== Historical links ===\nEdinburgh has several historical links to other universities, chiefly through its influential Medical School and its graduates, who established and developed institutions elsewhere in the world.\n\nColumbia University: had its Medical School founded by Samuel Bard, an Edinburgh medical graduate.\nDalhousie University: Edinburgh alumnus George Ramsay, the 22nd Lieutenant Governor of Nova Scotia, wanted to establish a non-denominational college in Halifax open to all. The school was modelled after the University of Edinburgh, which students could attend regardless of religion or nationality.\nDartmouth College: had its School of Medicine founded by Nathan Smith, an alumnus of Edinburgh Medical School.\nHarvard University: had its Medical School founded by three surgeons, one of whom was Benjamin Waterhouse, an alumnus of Edinburgh Medical School.\nMcGill University: had its Faculty of Medicine founded by four physicians, which included Edinburgh alumni Andrew Fernando Holmes and John Stephenson.\nUniversity of Pennsylvania: had its School of Medicine founded by Edinburgh graduate John Morgan, who modelled it after Edinburgh Medical School.\nPrinceton University: had its academic syllabus and structure reformed along the lines of the University of Edinburgh and other Scottish universities by its sixth president John Witherspoon, an Edinburgh theology graduate.\nUniversity of Sydney: founded in 1850 by Sir Charles Nicholson, a graduate of Edinburgh Medical School.\nCollege of William & Mary: the second-oldest college in the US was founded in 1693 by Edinburgh graduate James Blair, who served as the college's founding president for fifty years.\nYale University: had its School of Medicine co-founded by Nathan Smith, an alumnus of Edinburgh Medical School.\n\n\n== Campuses and buildings ==\n\nThe university has five main sites in Edinburgh:\n\nCentral Area\nKing's Buildings\nBioQuarter\nEaster Bush\nWestern General\nThe university is responsible for several significant historic and modern buildings across the city, including St Cecilia's Hall, Scotland's oldest purpose-built concert hall and the second oldest in use in the British Isles; Teviot Row House, the oldest purpose-built students' union building in the world; and the restored 17th-century Mylne's Court student residence at the head of the Royal Mile.\n\n\n=== Central Area ===\n\nThe Central Area is spread around numerous squares and streets in Edinburgh's Southside, with some buildings in Old Town. It is the university's oldest area, occupied primarily by the College of Arts, Humanities and Social Sciences and the School of Informatics. The highest concentration of university buildings is around George Square, which includes 40 George Square (formerly David Hume Tower), Appleton Tower, Main Library, and Gordon Aikman Lecture Theatre, the area's largest lecture hall. Around nearby Bristo Square lie the Dugald Stewart Building, Informatics Forum, McEwan Hall, Potterrow Student Centre, Teviot Row House, and old Medical School, which still houses pre-clinical medical courses and biomedical sciences. The Pleasance, one of Edinburgh University Students' Association's main buildings, is located nearby, as is Edinburgh College of Art in Lauriston. North of George Square lies the university's Old College housing Edinburgh Law School, New College on The Mound housing the School of Divinity, and St Cecilia's Hall. Some of these buildings are used to host events during the Edinburgh International Festival and the Edinburgh Festival Fringe every summer.\n\n\n==== Pollock Halls ====\n\nPollock Halls, adjoining Holyrood Park to the east, is the university's largest residence hall for undergraduate students in their first year. The complex houses over 2,000 students during term time and consists of ten named buildings with communal green spaces between them. The two original buildings, St Leonard's Hall and Salisbury Green, were built in the 19th century, while the majority of Pollock Halls dates from the 1960s and early 2000s. Two of the older houses in Pollock Halls were demolished in 2002, and a new building, Chancellor's Court, was built in their place and opened in 2003. Self-catered flats elsewhere account for the majority of university-provided accommodation. The area also includes the John McIntyre Conference Centre opened in 2009, which is the university's premier conference space.""]"
33,"What is the central theme or argument of Darwin's research concerning human population growth and its potential consequences, as presented in his writings?",6,"The central theme or argument of Darwin’s research concerning human population growth and its potential consequences – presented in his writings – can be summarized as Darwin arguing against an unchecked population growth that leads towards an Malthusian catastrophe – where human populations exceed resources. Specifically, he believed this growth was ordained by God as an attempt at productive work and restraint for humans.",dyn_avs_responses/avs_4p2_memorize.csv,./android_experiments/avs_4p2_memorize.csv,7,"The central theme or argument of Darwin’s research concerning human population growth and its potential consequences – presented in his writings – can be summarized as Darwin arguing against an unchecked population growth that leads towards an Malthusian catastrophe – where human populations exceed resources. Specifically, he believed this growth was ordained by God as an attempt at productive work and restraint for humans.",dyn_avs_responses/avs_2p2p2_memorize.csv,./android_experiments/avs_2p2p2_memorize.csv,avs4p2,avs2p2p2,"The central theme or argument of Darwin’s research concerning human population growth and its potential consequences – presented in his writings – can be summarized as Darwin arguing against an unchecked population growth that leads towards an Malthusian catastrophe – where human populations exceed resources. Specifically, he believed this growth was ordained by God as an attempt at productive work and restraint for humans.","The central theme or argument of Darwin’s research concerning human population growth and its potential consequences – presented in his writings – can be summarized as Darwin arguing against an unchecked population growth that leads towards an Malthusian catastrophe – where human populations exceed resources. Specifically, he believed this growth was ordained by God as an attempt at productive work and restraint for humans.","
Darwin's research concerning human population growth emphasizes the interplay between human population and the availability of resources. He argued that human population is prone to exponential growth, exceeding food supply, leading to what he termed a Malthusian catastrophe.  This leads to the concept of natural selection, where favorable variations increase in frequency and result in new species, a process that continuously reshapes the species.
---------------------
Final Answer: The final answer is $\boxed{The interplay between human population growth and the availability of resources}$","['=== Malthus and natural selection ===\nContinuing his research in London, Darwin\'s wide reading now included the sixth edition of Malthus\'s An Essay on the Principle of Population. On 28 September 1838, he noted its assertion that human ""population, when unchecked, goes on doubling itself every twenty-five years, or increases in a geometrical ratio"", a geometric progression so that population soon exceeds food supply in what is known as a Malthusian catastrophe. Darwin was well-prepared to compare this to Augustin de Candolle\'s ""warring of the species"" of plants and the struggle for existence among wildlife, explaining how numbers of a species kept roughly stable. As species always breed beyond available resources, favourable variations would make organisms better at surviving and passing the variations on to their offspring, while unfavourable variations would be lost. He wrote that the ""final cause of all this wedging, must be to sort out proper structure, & adapt it to changes"", so that ""One may say there is a force like a hundred thousand wedges trying [to] force into every kind of adapted structure into the gaps in the economy of nature, or rather forming gaps by thrusting out weaker ones."" This would result in the formation of new species. As he later wrote in his Autobiography:\n\nIn October 1838, that is, fifteen months after I had begun my systematic enquiry, I happened to read for amusement Malthus on Population, and being well prepared to appreciate the struggle for existence which everywhere goes on from long-continued observation of the habits of animals and plants, it at once struck me that under these circumstances favourable variations would tend to be preserved, and unfavourable ones to be destroyed. The result of this would be the formation of new species. Here, then, I had at last got a theory by which to work...\nBy mid-December, Darwin saw a similarity between farmers picking the best stock in selective breeding, and a Malthusian Nature selecting from chance variants so that ""every part of newly acquired structure is fully practical and perfected"", thinking this comparison ""a beautiful part of my theory"". He later called his theory natural selection, an analogy with what he termed the ""artificial selection"" of selective breeding.\nOn 11 November, he returned to Maer and proposed to Emma, once more telling her his ideas. She accepted, then in exchanges of loving letters showed how she valued his openness in sharing their differences, while expressing her strong Unitarian beliefs and concerns that his honest doubts might separate them in the afterlife. While he was house-hunting in London, bouts of illness continued and Emma wrote urging him to get some rest, almost prophetically remarking ""So don\'t be ill any more my dear Charley till I can be with you to nurse you."" He found what they called ""Macaw Cottage"" (because of its gaudy interiors) in Gower Street, then moved his ""museum"" in over Christmas. On 24 January 1839, Darwin was elected a Fellow of the Royal Society (FRS).\nOn 29 January, Darwin and Emma Wedgwood were married at Maer in an Anglican ceremony arranged to suit the Unitarians, then immediately caught the train to London and their new home.']"
34,How many years did it take to finish the church after the donation of funds?,1,It took five years.,dyn_avs_responses/avs_4p2_memorize.csv,./android_experiments/avs_4p2_memorize.csv,1,It took five years.,dyn_avs_responses/avs_2p2p2_memorize.csv,./android_experiments/avs_2p2p2_memorize.csv,avs4p2,avs2p2p2,It took five years.,It took five years.,"1376, 1381, 1470, 1471, 1503, 1509, 1503, 1509.
","['=== Completion of the Gothic church ===\nFrom 1376, Abbot Nicholas Litlyngton and Richard II donated large sums to finish the church. The remainder of the old nave was pulled down and rebuilding commenced, with his mason Henry Yevele closely following the original design even though it was now more than 100 years out of date. During the Peasants\' Revolt of 1381, Richard prayed at Edward the Confessor\'s shrine for ""divine aid when human counsel was altogether wanting"" before meeting the rebels at Smithfield. In the modern day, the abbey holds Richard\'s full-length portrait, the earliest of an English king, on display near the west door.\nBuilding work was not fully complete for many years. Henry V, disappointed with the abbey\'s unfinished state, gave extra funds towards the rebuilding. In his will, he left instructions for a chantry chapel to be built over his tomb; the chapel can be seen from ground level. Between 1470 and 1471, because of fallout from the Wars of the Roses, Elizabeth Woodville, the wife of Edward IV, took sanctuary at Westminster Abbey while her husband was deposed, and gave birth to Edward V in the abbot\'s house. In 1495, building work finally reached the end of the nave, finishing with the west window.\nUnder Henry VII, the 13th-century Lady chapel was demolished and rebuilt in a Perpendicular Gothic style; it is known as the Henry VII Chapel. Work began in 1503 and the main structure was completed by 1509, although decorative work continued for several years afterwards. Henry\'s original reason for building such a grand chapel was to have a place suitable for the burial of another saint alongside the Confessor, as he planned on having Henry VI canonised. The Pope asked Henry VII for a large sum of money to proclaim Henry VI a saint; Henry VII was unwilling to pay the sum, and so instead he is buried in the centre of the chapel with his wife, Elizabeth of York, rather than a large raised shrine like the Confessor.\nA view of the abbey dated 1532 shows a lantern tower above the crossing, but this is not shown in any later depiction. It is unlikely that the loss of this feature was caused by any catastrophic event: structural failure seems more likely. Other sources maintain that a lantern tower was never built. The current squat pyramid dates from the 18th century; the painted wooden ceiling below it was installed during repairs to World War II bomb damage.\nIn the early 16th century, a project began under Abbot John Islip to add two towers to the western end of the church. These had been partially built up to roof level when building work stopped due to uncertainty caused by the English Reformation.']"
35,What was the primary reason for the proposed construction of a corona around the lantern?,4,"The primary reason for constructing an ""corona"" around the lantern was because it was suggested an architectural feature – specifically this crown-like structure – should be built around the lantern over the central cross.",dyn_avs_responses/avs_4p2_memorize.csv,./android_experiments/avs_4p2_memorize.csv,4,The primary reason for constructing this corona around the lantern was due to its unusual appearance: as an architect suggested this architectural feature should be built around this lantern; This suggests an unusual design rather than structural failure.,dyn_avs_responses/avs_2p2p2_memorize.csv,./android_experiments/avs_2p2p2_memorize.csv,avs4p2,avs2p2p2,"The primary reason for constructing an ""corona"" around the lantern was because it was suggested an architectural feature – specifically this crown-like structure – should be built around the lantern over the central cross.",The primary reason for constructing this corona around the lantern was due to its unusual appearance: as an architect suggested this architectural feature should be built around this lantern; This suggests an unusual design rather than structural failure.,"
The primary reason for the proposed construction of a corona was to replace an existing pyramidal structure dating from the 1950s.
","['=== 21st century ===\n\nIn June 2009, the first major building work in 250 years was proposed. A corona – a crown-like architectural feature – was suggested to be built around the lantern over the central crossing, replacing an existing pyramidal structure dating from the 1950s. This was part of a wider £23-million development of the abbey completed in 2013. On 4 August 2010, the Dean and Chapter announced that, ""after a considerable amount of preliminary and exploratory work"", efforts toward the construction of a corona would not be continued.\nThe Cosmati pavement underwent a major cleaning and restoration programme for two years, beginning in 2008. On 17 September 2010, Pope Benedict XVI became the first pope to set foot in the abbey when he participated in a service of evening prayer with archbishop of Canterbury Rowan Williams. On 29 April 2011, the abbey hosted the wedding of Prince William and Catherine Middleton.\nIn 2018, the Queen\'s Diamond Jubilee Galleries were opened. Located in the medieval triforium, high up around the sanctuary, they are areas for displaying the abbey\'s treasures. A new Gothic access tower with a lift was designed by the abbey architect and Surveyor of the Fabric, Ptolemy Dean.\nIn 2020, a 13th-century sacristy was uncovered in the grounds of the abbey as part of an archaeological excavation. The sacristy was used by the monks of the abbey to store objects used in Mass, such as vestments and chalices. Also on the site were hundreds of buried bodies, mostly of abbey monks. On 10 March 2021, a vaccination centre opened in Poets\' Corner to administer doses of COVID-19 vaccines.']"
36,How does Darwin compare the population dynamics described in Malthus's An Essay on the Principle of Population to his own ideas about species struggle and the formation of new organisms?,28,"Here’s how Darwin compares Malthus’s ideas about population dynamics with his own perspectives:

Darwin recognizes Malthus’s focus on resource limitation – he believed that unchecked population growth would inevitably lead humans back towards subsistence and not towards productivity and innovation. However, he sees an intriguing connection between Malthus’s theory *and* his own ideas about species struggle and formation of new organisms which he’s later developed through his observations. Specifically:

*   **Malthus’s Perspective:** Darwin sees Malthus’s argument as an *indirect* relationship – he’s not arguing *against* population growth but *explaining* its potential for conflict *with* resources. He acknowledges an inherent struggle *but* doesn't see nature as inherently driven towards decline or an absence of production.
*   **His own ideas:** Darwin sees an *interesting* correlation between Malthus’s framework – by observing farmers picking best stocks – he begins an enquiry into species selection and adaptation that ultimately leads him into developing an idea about *struggle* – an inherent drive towards adaptation and selection that *leads* towards new forms - species and new evolutionary outcomes. He sees species struggle as *essential* for evolution and that new species have arisen as an *result* rather than as an inevitable outcome.

In essence, Darwin isn’t rejecting Malthus’s fundamental premise – he’s proposing an *evolutionary* explanation *for* it – one rooted not solely in God's decree but rather through an interplay between population growth and adaptation and selection. He’s building an edifice – not an end – by understanding *how* populations *evolve* and *change*.",dyn_avs_responses/avs_4p2_memorize.csv,./android_experiments/avs_4p2_memorize.csv,27,"Here’s how Darwin compares Malthus’s ideas about population dynamics with his own perspectives:

Darwin recognizes Malthus’s focus on resource limitation – he believed that unchecked population growth would inevitably lead humans back towards subsistence and not towards productivity and innovation. However, he sees an intriguing connection between Malthus’s theory *and* his own ideas about species struggle and formation of new organisms which he’s later developed through his observations. Specifically:

*   **Malthus’s Perspective:** Darwin sees Malthus’s argument as an *indirect* relationship – he’s not arguing *against* population growth but *explaining* its potential for conflict *with* resources. He acknowledges an inherent struggle *but* doesn't see nature as inherently driven towards decline or an absence of production.
*   **His own ideas:** Darwin sees an *interesting* correlation between Malthus’s framework – by observing farmers picking best stocks – he begins an enquiry into species selection and adaptation that ultimately leads him into developing an idea about *struggle* – an inherent drive towards adaptation and selection that *leads* towards new forms - species and new evolutionary outcomes. He sees species struggle as *essential* for evolution and that new species have arisen as an *result* rather than as an inevitable outcome.

In essence, Darwin isn’t rejecting Malthus’s fundamental premise – he’s proposing an *evolutionary* explanation *for* it – one rooted not solely in God's decree but rather through an interplay between population growth and adaptation and selection. He’s building an edifice – not an end – by understanding *how* populations *evolve* and *change*.",dyn_avs_responses/avs_2p2p2_memorize.csv,./android_experiments/avs_2p2p2_memorize.csv,avs4p2,avs2p2p2,"Here’s how Darwin compares Malthus’s ideas about population dynamics with his own perspectives:

Darwin recognizes Malthus’s focus on resource limitation – he believed that unchecked population growth would inevitably lead humans back towards subsistence and not towards productivity and innovation. However, he sees an intriguing connection between Malthus’s theory *and* his own ideas about species struggle and formation of new organisms which he’s later developed through his observations. Specifically:

*   **Malthus’s Perspective:** Darwin sees Malthus’s argument as an *indirect* relationship – he’s not arguing *against* population growth but *explaining* its potential for conflict *with* resources. He acknowledges an inherent struggle *but* doesn't see nature as inherently driven towards decline or an absence of production.
*   **His own ideas:** Darwin sees an *interesting* correlation between Malthus’s framework – by observing farmers picking best stocks – he begins an enquiry into species selection and adaptation that ultimately leads him into developing an idea about *struggle* – an inherent drive towards adaptation and selection that *leads* towards new forms - species and new evolutionary outcomes. He sees species struggle as *essential* for evolution and that new species have arisen as an *result* rather than as an inevitable outcome.

In essence, Darwin isn’t rejecting Malthus’s fundamental premise – he’s proposing an *evolutionary* explanation *for* it – one rooted not solely in God's decree but rather through an interplay between population growth and adaptation and selection. He’s building an edifice – not an end – by understanding *how* populations *evolve* and *change*.","Here’s how Darwin compares Malthus’s ideas about population dynamics with his own perspectives:

Darwin recognizes Malthus’s focus on resource limitation – he believed that unchecked population growth would inevitably lead humans back towards subsistence and not towards productivity and innovation. However, he sees an intriguing connection between Malthus’s theory *and* his own ideas about species struggle and formation of new organisms which he’s later developed through his observations. Specifically:

*   **Malthus’s Perspective:** Darwin sees Malthus’s argument as an *indirect* relationship – he’s not arguing *against* population growth but *explaining* its potential for conflict *with* resources. He acknowledges an inherent struggle *but* doesn't see nature as inherently driven towards decline or an absence of production.
*   **His own ideas:** Darwin sees an *interesting* correlation between Malthus’s framework – by observing farmers picking best stocks – he begins an enquiry into species selection and adaptation that ultimately leads him into developing an idea about *struggle* – an inherent drive towards adaptation and selection that *leads* towards new forms - species and new evolutionary outcomes. He sees species struggle as *essential* for evolution and that new species have arisen as an *result* rather than as an inevitable outcome.

In essence, Darwin isn’t rejecting Malthus’s fundamental premise – he’s proposing an *evolutionary* explanation *for* it – one rooted not solely in God's decree but rather through an interplay between population growth and adaptation and selection. He’s building an edifice – not an end – by understanding *how* populations *evolve* and *change*.","
Darwin compared the population dynamics described in Malthus's An Essay on the Principle of Population to his own ideas about species struggle and the formation of new organisms by highlighting a similarity between farmers selecting stock through selective breeding and the Malthusian struggle. He viewed this as a ""force like a hundred thousand wedges trying to force into every kind of adapted structure, or forming gaps by thrusting out weaker ones."" He then suggested that favourable variations would be preserved and unfavourable would be destroyed, leading to new species.
---------------------
Final Answer: The final answer is $\boxed{Darwin compared his ideas to Malthus's by highlighting the similarity between selective breeding and the struggle for existence among species.}$","['=== Malthus and natural selection ===\nContinuing his research in London, Darwin\'s wide reading now included the sixth edition of Malthus\'s An Essay on the Principle of Population. On 28 September 1838, he noted its assertion that human ""population, when unchecked, goes on doubling itself every twenty-five years, or increases in a geometrical ratio"", a geometric progression so that population soon exceeds food supply in what is known as a Malthusian catastrophe. Darwin was well-prepared to compare this to Augustin de Candolle\'s ""warring of the species"" of plants and the struggle for existence among wildlife, explaining how numbers of a species kept roughly stable. As species always breed beyond available resources, favourable variations would make organisms better at surviving and passing the variations on to their offspring, while unfavourable variations would be lost. He wrote that the ""final cause of all this wedging, must be to sort out proper structure, & adapt it to changes"", so that ""One may say there is a force like a hundred thousand wedges trying [to] force into every kind of adapted structure into the gaps in the economy of nature, or rather forming gaps by thrusting out weaker ones."" This would result in the formation of new species. As he later wrote in his Autobiography:\n\nIn October 1838, that is, fifteen months after I had begun my systematic enquiry, I happened to read for amusement Malthus on Population, and being well prepared to appreciate the struggle for existence which everywhere goes on from long-continued observation of the habits of animals and plants, it at once struck me that under these circumstances favourable variations would tend to be preserved, and unfavourable ones to be destroyed. The result of this would be the formation of new species. Here, then, I had at last got a theory by which to work...\nBy mid-December, Darwin saw a similarity between farmers picking the best stock in selective breeding, and a Malthusian Nature selecting from chance variants so that ""every part of newly acquired structure is fully practical and perfected"", thinking this comparison ""a beautiful part of my theory"". He later called his theory natural selection, an analogy with what he termed the ""artificial selection"" of selective breeding.\nOn 11 November, he returned to Maer and proposed to Emma, once more telling her his ideas. She accepted, then in exchanges of loving letters showed how she valued his openness in sharing their differences, while expressing her strong Unitarian beliefs and concerns that his honest doubts might separate them in the afterlife. While he was house-hunting in London, bouts of illness continued and Emma wrote urging him to get some rest, almost prophetically remarking ""So don\'t be ill any more my dear Charley till I can be with you to nurse you."" He found what they called ""Macaw Cottage"" (because of its gaudy interiors) in Gower Street, then moved his ""museum"" in over Christmas. On 24 January 1839, Darwin was elected a Fellow of the Royal Society (FRS).\nOn 29 January, Darwin and Emma Wedgwood were married at Maer in an Anglican ceremony arranged to suit the Unitarians, then immediately caught the train to London and their new home.']"
37,"According to the text, what was the primary focus of Charles Darwin's early scientific investigations?",4,"According to the text, Darwin's primary focus was extensive experimental selective breeding of plants and animals as he sought evidence that species were not fixed and inv
ies"", he saw similarities with Darwin's thoughts and urged him to publish establish precedence.",dyn_avs_responses/avs_4p2_memorize.csv,./android_experiments/avs_4p2_memorize.csv,4,"According to the text, Darwin's primary focus was extensive experimental selective breeding of plants and animals as he sought evidence that species were not fixed and inv
ies"", he saw similarities with Darwin's thoughts and urged him to publish establish precedence.",dyn_avs_responses/avs_2p2p2_memorize.csv,./android_experiments/avs_2p2p2_memorize.csv,avs4p2,avs2p2p2,"According to the text, Darwin's primary focus was extensive experimental selective breeding of plants and animals as he sought evidence that species were not fixed and inv
ies"", he saw similarities with Darwin's thoughts and urged him to publish establish precedence.","According to the text, Darwin's primary focus was extensive experimental selective breeding of plants and animals as he sought evidence that species were not fixed and inv
ies"", he saw similarities with Darwin's thoughts and urged him to publish establish precedence.","
---------------------
The primary focus of Charles Darwin's early scientific investigations was marine invertebrates.
","[""Charles Robert Darwin ( DAR-win; 12 February 1809 – 19 April 1882) was an English naturalist, geologist, and biologist, widely known for his contributions to evolutionary biology. His proposition that all species of life have descended from a common ancestor is now generally accepted and considered a fundamental scientific concept. In a joint presentation with Alfred Russel Wallace, he introduced his scientific theory that this branching pattern of evolution resulted from a process he called natural selection, in which the struggle for existence has a similar effect to the artificial selection involved in selective breeding. Darwin has been described as one of the most influential figures in human history and was honoured by burial in Westminster Abbey.\nDarwin's early interest in nature led him to neglect his medical education at the University of Edinburgh; instead, he helped to investigate marine invertebrates. His studies at the University of Cambridge's Christ's College from 1828 to 1831 encouraged his passion for natural science. However, it was his five-year voyage on HMS Beagle from 1831 to 1836 that truly established Darwin as an eminent geologist. The observations and theories he developed during his voyage supported Charles Lyell's concept of gradual geological change. Publication of his journal of the voyage made Darwin famous as a popular author.\nPuzzled by the geographical distribution of wildlife and fossils he collected on the voyage, Darwin began detailed investigations and, in 1838, devised his theory of natural selection. Although he discussed his ideas with several naturalists, he needed time for extensive research, and his geological work had priority. He was writing up his theory in 1858 when Alfred Russel Wallace sent him an essay that described the same idea, prompting the immediate joint submission of both their theories to the Linnean Society of London. Darwin's work established evolutionary descent with modification as the dominant scientific explanation of natural diversification. In 1871, he examined human evolution and sexual selection in The Descent of Man, and Selection in Relation to Sex, followed by The Expression of the Emotions in Man and Animals (1872). His research on plants was published in a series of books, and in his final book, The Formation of Vegetable Mould, through the Actions of Worms (1881), he examined earthworms and their effect on soil.\nDarwin published his theory of evolution with compelling evidence in his 1859 book On the Origin of Species. By the 1870s, the scientific community and a majority of the educated public had accepted evolution as a fact. However, many initially favoured  competing explanations that gave only a minor role to natural selection, and it was not until the emergence of the modern evolutionary synthesis from the 1930s to the 1950s that a broad consensus developed in which natural selection was the basic mechanism of evolution. Darwin's scientific discovery is the unifying theory of the life sciences, explaining the diversity of life.\n\n\n== Biography ==""]"
38,What is the primary purpose of Henslow’s work in Hitcham?,2,The primary purpose of Henslow’s work in Hitcham was **to improve agriculture by educating people.**,dyn_avs_responses/avs_4p2_memorize.csv,./android_experiments/avs_4p2_memorize.csv,2,The primary purpose of Henslow’s work in Hitcham was **to improve agriculture by educating people.**,dyn_avs_responses/avs_2p2p2_memorize.csv,./android_experiments/avs_2p2p2_memorize.csv,avs4p2,avs2p2p2,The primary purpose of Henslow’s work in Hitcham was **to improve agriculture by educating people.**,The primary purpose of Henslow’s work in Hitcham was **to improve agriculture by educating people.**,"
Henslow’s primary purpose in Hitcham was to improve the parish’s education and the livelihood of its people. Specifically, he raised funds for a school, educated the villagers through vocational training, fostered agricultural improvements through a horticultural society, established a museum, and contributed to the development of the phosphate industry.
---------------------
I'm ready for the next question.
","[""== A country clergyman ==\nIn 1833, Henslow was appointed vicar of Cholsey-cum-Moulsford in Berkshire (now Oxfordshire). He continued to live in Cambridge, only visiting the parish during vacations; he appointed a curate to conduct services and parish business during term-time.\nHowever, his appointment in 1837 to the remunerative Crown living at Hitcham, Suffolk marked a turning-point in his life. This time, in 1839, he moved to the parish, and as rector of Hitcham he lived at the rectory. He worked there, endearing himself to all who knew him, until the end of his life. His energies were devoted to the improvement of his parishioners, but his influence was felt far and wide. Botany at Cambridge suffered, attendance at lectures fell, and we have records of complaints made within the university. Henslow did not resign his chair, and continued to give lectures, set and mark exams, and take part in university affairs. Nevertheless, his influence there was naturally much reduced.\nHenslow's work in Hitcham, over and above the normal duties of a Rector, can be summarised as follows:\n\n1. The Parish School and other charities. Hitcham was a poor parish, and most people would have been illiterate. Education had to be paid for, and so Henslow both raised funds and donated his own money to support a school. The school was founded in 1841, and Henslow himself gave a series of volunteer classes on Monday afternoons for some of the older children. The botanical curriculum was printed.The botany taught in this school had effects throughout Britain, because important people at the centre, such as Prince Albert and Lyon Playfair kept in touch and rightly regarded Henslow as an authority on the subject.\n2. Adult education in the Village. The Hitcham Labourers' and Mechanics' Horticultural Society was the vehicle used by Henslow to 'improve' the labouring and agricultural workers in the village and its surrounds.  Competitions, shows and excursions were the attractions, and the intent was practical, to improve agriculture by educating the parishioners. Henslow made use of gifts and facilities provided by his friends. Advances such as made by Justus von Liebig in Germany, who began to apply chemistry to the needs of agriculture, had not yet become widely utilised.\n3. Museums. The town of Ipswich is twelve miles from Hitcham. As a result of his Cambridge experiences, Henslow believed in the value of museums as vehicles for education. Ipswich Museum was established in 1847 as a natural history museum and owed much to Henslow, who was elected its President in 1850.\nAlongside this work he remained an inquiring scientist at heart. In 1843 he discovered nodules of coprolitic origin in the Red Crag at Felixstowe in Suffolk, and two years later he called attention to those also in the Cambridge Greensand and remarked that they might be of use in agriculture. Although Henslow derived no benefit, these discoveries led to the establishment of the phosphate industry in Suffolk and Cambridgeshire; and the works proved lucrative until the introduction of foreign phosphates.\nIn 1851, Carl Ludwig Blume named a genus of flowering plants belonging to the family Santalaceae, from Indo-China as Henslowia, in honour of Henslow.\nHenslow died on 16 May 1861 at Hitcham.\n\n\n== Family ==\nHenslow married Harriet Jenyns (1797–1857), daughter of George Leonard Jenyns and sister of Leonard Jenyns on 16 December 1823. Their eldest daughter Frances Harriet married Joseph Dalton Hooker, and their youngest daughter, Anne, became a botanical artist. Their sons included George Henslow (1835–1925), who became the Royal Horticultural Society's Professor of Botany and the first President of the Churchmen's Union for the Advancement of Liberal Religious Thought.""]"
39,How did Henslow's mentorship of Charles Darwin impact Darwin's scientific development and the direction of his research?,8,Henslow's mentorship profoundly impacted Darwin's scientific development by inspiring him with passions for natural history and contributing significantly to his understanding of evolution. Through his guidance and encouragement – particularly regarding his own meticulous observations – Darwin's work shifted dramatically towards an evolutionary perspective. He began by meticulously collecting evidence concerning species and their adaptation and behavior and he used this information to formulate his theory as an evolutionary theory rather than an “natural history” theory.,dyn_avs_responses/avs_4p2_memorize.csv,./android_experiments/avs_4p2_memorize.csv,8,Henslow's mentorship profoundly impacted Darwin's scientific development by inspiring him with passions for natural history and contributing significantly to his understanding of evolution. Through his guidance and encouragement – particularly regarding his own meticulous observations – Darwin's work shifted dramatically towards an evolutionary perspective. He began by meticulously collecting evidence concerning species and their adaptation and behavior and he used this information to formulate his theory as an evolutionary theory rather than an “natural history” theory.,dyn_avs_responses/avs_2p2p2_memorize.csv,./android_experiments/avs_2p2p2_memorize.csv,avs4p2,avs2p2p2,Henslow's mentorship profoundly impacted Darwin's scientific development by inspiring him with passions for natural history and contributing significantly to his understanding of evolution. Through his guidance and encouragement – particularly regarding his own meticulous observations – Darwin's work shifted dramatically towards an evolutionary perspective. He began by meticulously collecting evidence concerning species and their adaptation and behavior and he used this information to formulate his theory as an evolutionary theory rather than an “natural history” theory.,Henslow's mentorship profoundly impacted Darwin's scientific development by inspiring him with passions for natural history and contributing significantly to his understanding of evolution. Through his guidance and encouragement – particularly regarding his own meticulous observations – Darwin's work shifted dramatically towards an evolutionary perspective. He began by meticulously collecting evidence concerning species and their adaptation and behavior and he used this information to formulate his theory as an evolutionary theory rather than an “natural history” theory.,"
Henslow's mentorship of Charles Darwin had a profound and lasting impact.  It primarily influenced Darwin’s scientific development by:

*   **Inspiring a Passion for Natural History:** Henslow’s dedication to natural history, coupled with his encouragement of Darwin, ignited a fervent passion for exploring the natural world in Darwin.
*   **Providing a Focused Approach:** Henslow’s meticulous work on taxonomy and the study of plant varieties allowed Darwin to develop a precise, analytical approach to classifying and understanding plant life. His work on collation (carefully preparing and comparing plant specimens) fostered a systematic and detailed method for studying variation and species.
*   **Driving Darwin’s Evolutionary Thinking:** Henslow’s teachings, particularly his emphasis on the principle of ""collation,"" directly contributed to Darwin’s development of evolutionary theory by fostering a logical framework for analyzing variations within species, leading him to consider the gradual change of species over time.
*   **Influence on his Research:** Through his correspondence with Darwin, and during the voyage to the Galapagos Islands, Henslow helped shape Darwin’s research and helped him to identify the key areas for further study.

In essence, Henslow's mentorship provided a critical intellectual foundation for Darwin's groundbreaking discoveries","['John Stevens Henslow (6 February 1796 – 16 May 1861) was an English Anglican priest, botanist and geologist. He is best remembered as friend and mentor to Charles Darwin.\n\n\n== Early life ==\nHenslow was born at Rochester, Kent, the son of a solicitor John Prentis Henslow, who was the son of John Henslow.\nHenslow was educated at St. John\'s College, Cambridge where he graduated as 16th wrangler in 1818, the year in which Adam Sedgwick became Woodwardian Professor of Geology.\n\n\n== Early career ==\nHenslow graduated in 1818. He already had a passion for natural history from his childhood, which largely influenced his career, and he accompanied Sedgwick in 1819 on a tour in the Isle of Wight where he learned his first lessons in geology. He also studied chemistry under Professor James Cumming and mineralogy under Edward Daniel Clarke. In the autumn of 1819 he made valuable observations on the geology of the Isle of Man (Trans. Geol. Soc., 1821) and in 1820 and 1821 he investigated the geology of parts of Anglesey, the results being printed in the first volume of the Transactions of the Cambridge Philosophical Society (1822). The Philosophical Society was founded in November 1819 by a group at Cambridge with Professors Farish, Lee, and Sedgwick and Henslow (at that time not yet a professor). The idea and initial impetus for the society originated from Sedgwick and Henslow.\nMeanwhile, Henslow had studied mineralogy with considerable zeal, so that on the death of Clarke he was in 1822 appointed professor of mineralogy in the University of Cambridge. Two years later he took holy orders. Botany, however, had claimed much of his attention, and to this science he became more and more attached, so that he gladly resigned the chair of mineralogy in 1827, two years after becoming professor of botany. As a teacher both in the classroom and in the field he was eminently successful. He was a correspondent of John James Audubon who in 1829 named Henslow\'s sparrow (Centronyx henslowii) after him.\nFrom 1821 Henslow had begun organising a herbarium of British flora, supplementing his own collecting with a network which expanded over time to include his friends and family, and the botanists William Jackson Hooker and John Hutton Balfour, as well as about 30 of his students. As a mineralogist he had used Haüy\'s laws of crystallography to analyse complex crystals as transformations of ""the primitive form of the species"" of crystal, and when he moved to botany in 1825 he sought similarly precise laws to group plant varieties into species, often including as varieties plants that respected taxonomists had ranked as separate species. He followed the understanding of the time that species were fixed as created but could vary within limits, and hoped to analyse these limits of variation. By a method he called ""collation"", Henslow prepared sheets with several plant specimens, each labelled with the collector, date and place of collection, comparing the specimens to show the variation within the species. His A Catalogue of British Plants was first published in October 1829, and became a set book for his lecture course.\nHenslow is remembered as friend and mentor to his pupil Charles Darwin, and for inspiring him with a passion for natural history. The two met in 1828. Earlier that year, Darwin joined the course and along with other students helped to collect plants of Cambridgeshire. Henslow became his tutor, and it was not long before he marked out Darwin as a promising student. In 1830 Henslow experimented on varying the conditions of garden grown wild plants to produce various forms of the plant. In 1835 Henslow published Principles of Descriptive and Physiological Botany as a textbook based on this lecture course.\nIn the summer of 1831 Henslow was offered a place as naturalist to sail aboard the survey ship HMS Beagle on a two-year voyage to survey South America, but his wife dissuaded him from accepting. Seeing a perfect opportunity for his protégé, Henslow wrote to the ship\'s captain Robert Fitzroy telling him that Darwin was the ideal man to join the expedition team. During the voyage, Darwin corresponded with Henslow, and collected plants with him in mind. In particular, when first arriving at the Galápagos Islands Darwin noted ""I certainly recognize S America in Ornithology, would a botanist?"", and went on to collect plant specimens carefully labelled by island and date. He also labelled the mockingbirds he caught, and initially thought these were varieties but while arranging these bird specimens on the last lap of the voyage he began wondering if they could be species, a possibility which would ""undermine the stability of Species"". Henslow\'s teaching continued to influence Darwin\'s work on evolution.\nBesides Darwin, other famous students of Henslow included Miles Joseph Berkeley, Cardale Babington, Leonard Jenyns, Richard Thomas Lowe and William Hallowes Miller.']"
